id_cliente,nome_cliente,cpf,cidade,estado,canal_preferencial,data_cadastro
1,Carla Fernandes Gomes,949.743.733-56,Recife,PE,Loja Física,2023-05-23
2,Juliana Pereira Gomes,181.975.338-22,São Paulo,SP,Indicação,2024-07-23
3,Rodrigo Ribeiro Ferreira,479.463.314-95,Brasília,DF,Redes Sociais,2023-05-27
4,Rodrigo Ferreira Fernandes,846.350.267-69,Campinas,SP,Indicação,2024-07-06
5,Henrique Dias Costa,963.886.894-17,Goiânia,GO,Loja Física,2023-03-07
6,Natan Lima Oliveira,316.680.997-50,Salvador,BA,Loja Física,2025-10-19
7,Rodrigo Almeida Rodrigues,371.242.352-81,Recife,PE,Redes Sociais,2025-05-27
8,Natan Ribeiro Pereira,241.621.605-21,Campinas,SP,E-commerce,2023-08-13
9,Rodrigo Ferreira Dias,532.710.165-59,Belo Horizonte,MG,Indicação,2025-08-16
10,Isabela Fernandes Silva,796.838.217-97,Goiânia,GO,Redes Sociais,2024-11-27
11,João Carvalho Ferreira,564.103.839-43,Rio de Janeiro,RJ,Loja Física,2025-11-05
12,Rodrigo Gomes Rocha,619.723.303-29,Rio de Janeiro,RJ,Redes Sociais,2023-11-27
13,Thiago Silva Barbosa,431.600.119-24,Goiânia,GO,Redes Sociais,2024-09-21
14,Bruno Pereira Vieira,180.187.849-72,Curitiba,PR,E-commerce,2025-12-26
15,Eduarda Dias Lopes,662.269.371-77,Belo Horizonte,MG,Indicação,2024-03-09
16,Aline Nascimento Alves,830.419.508-95,Goiânia,GO,Redes Sociais,2025-06-16
17,Rafael Souza Pereira,330.165.446-12,Goiânia,GO,Loja Física,2024-03-27
18,Carla Nascimento Rocha,160.334.169-14,São Paulo,SP,Redes Sociais,2023-05-26
19,Henrique Lima Dias,597.319.652-26,Goiânia,GO,Indicação,2024-05-12
20,Patricia Alves Souza,199.774.541-55,Brasília,DF,Indicação,2025-04-21
21,Aline Santos Dias,769.761.200-17,Brasília,DF,Indicação,2024-11-25
22,Henrique Alves Alves,649.559.243-64,Rio de Janeiro,RJ,Loja Física,2024-07-24
23,Henrique Oliveira Almeida,927.982.976-80,Brasília,DF,E-commerce,2023-04-14
24,Ana Oliveira Pereira,270.516.597-71,Goiânia,GO,Loja Física,2025-04-01
25,Felipe Martins Silva,499.371.902-68,São Paulo,SP,Redes Sociais,2025-05-16
26,Juliana Nascimento Lopes,258.294.403-37,Goiânia,GO,E-commerce,2023-05-05
27,Bruno Santos Vieira,588.614.973-77,Salvador,BA,Loja Física,2023-04-27
28,Carla Ferreira Oliveira,709.169.791-40,Goiânia,GO,Indicação,2023-09-03
29,Henrique Vieira Barbosa,140.734.183-63,Campinas,SP,Redes Sociais,2024-06-18
30,Juliana Nascimento Costa,344.371.505-26,Curitiba,PR,Redes Sociais,2025-07-25
31,Carla Silva Almeida,736.676.202-19,Salvador,BA,Loja Física,2025-11-02
32,Eduarda Ribeiro Oliveira,350.478.391-30,Porto Alegre,RS,Indicação,2024-09-11
33,Rodrigo Soares Silva,783.936.667-48,Campinas,SP,E-commerce,2023-10-03
34,Diego Souza Andrade,666.259.378-46,Porto Alegre,RS,Loja Física,2024-12-03
35,Juliana Rocha Lima,617.600.357-16,Curitiba,PR,E-commerce,2025-05-17
36,Bruno Silva Costa,889.233.752-43,Porto Alegre,RS,Loja Física,2025-06-23
37,Mateus Carvalho Fernandes,109.214.177-98,Goiânia,GO,Loja Física,2023-03-15
38,Gabriel Fernandes Rodrigues,540.230.142-49,Salvador,BA,Redes Sociais,2023-03-23
39,Gabriela Dias Pereira,782.205.462-81,Salvador,BA,Indicação,2023-11-13
40,Felipe Ferreira Carvalho,125.283.854-52,Curitiba,PR,Indicação,2024-05-23
41,Felipe Nascimento Souza,491.993.139-70,Porto Alegre,RS,Loja Física,2024-02-13
42,Mariana Gomes Pereira,328.124.775-34,Brasília,DF,Indicação,2024-11-03
43,Carla Lima Ribeiro,756.621.509-96,Porto Alegre,RS,Redes Sociais,2023-02-26
44,Isabela Ferreira Vieira,371.139.211-86,Rio de Janeiro,RJ,Indicação,2024-12-08
45,Patricia Barbosa Soares,218.494.690-34,Salvador,BA,Redes Sociais,2023-04-01
46,Ana Soares Fernandes,803.836.859-95,Recife,PE,Loja Física,2025-01-15
47,Carla Dias Costa,738.421.779-25,Recife,PE,Redes Sociais,2025-11-04
48,Juliana Carvalho Costa,512.813.402-80,Porto Alegre,RS,Loja Física,2024-01-28
49,Juliana Martins Dias,866.278.730-82,Recife,PE,Redes Sociais,2025-04-11
50,Ana Gomes Gomes,315.540.904-84,Goiânia,GO,Redes Sociais,2025-08-10
51,Rafael Dias Alves,623.584.912-31,Brasília,DF,E-commerce,2024-08-04
52,Juliana Rocha Barbosa,443.195.938-40,Goiânia,GO,Redes Sociais,2024-04-05
53,Eduarda Silva Santos,350.586.725-19,Curitiba,PR,Indicação,2025-04-28
54,Gabriela Nascimento Nascimento,493.606.509-41,Campinas,SP,Loja Física,2023-01-12
55,Patricia Pereira Ferreira,923.812.630-69,Rio de Janeiro,RJ,E-commerce,2024-05-25
56,Rafael Rodrigues Almeida,783.643.672-86,Rio de Janeiro,RJ,Redes Sociais,2025-06-25
57,Aline Soares Carvalho,950.661.556-30,Campinas,SP,Indicação,2025-07-10
58,Henrique Rocha Lima,884.896.633-72,Porto Alegre,RS,Loja Física,2024-07-16
59,Carla Nascimento Gomes,340.378.443-50,Brasília,DF,E-commerce,2023-10-11
60,Henrique Martins Nascimento,256.823.319-18,Belo Horizonte,MG,Indicação,2025-04-14
61,Vanessa Almeida Carvalho,163.311.952-63,Salvador,BA,Indicação,2023-02-10
62,Natan Lopes Silva,460.405.871-59,Campinas,SP,Indicação,2024-03-27
63,Henrique Lima Carvalho,597.129.498-53,Brasília,DF,Indicação,2023-12-05
64,Eduarda Barbosa Fernandes,127.503.706-82,Brasília,DF,E-commerce,2023-06-21
65,Eduarda Almeida Ferreira,151.366.488-51,Recife,PE,Loja Física,2025-07-20
66,Lucas Martins Lima,870.951.531-42,Salvador,BA,E-commerce,2025-08-21
67,Aline Fernandes Santos,458.329.765-18,São Paulo,SP,E-commerce,2023-03-05
68,Gabriela Silva Barbosa,256.344.229-70,Curitiba,PR,E-commerce,2024-03-22
69,Mateus Lima Ribeiro,271.720.721-24,Brasília,DF,Loja Física,2024-09-29
70,Gabriel Silva Gomes,689.793.484-60,Rio de Janeiro,RJ,Loja Física,2023-06-05
71,Mateus Rocha Pereira,204.813.891-48,Campinas,SP,E-commerce,2023-03-26
72,Vanessa Carvalho Dias,479.170.618-92,Salvador,BA,Redes Sociais,2023-01-26
73,Sofia Souza Carvalho,470.750.948-68,Recife,PE,Loja Física,2025-06-10
74,Aline Soares Rocha,376.730.927-78,Belo Horizonte,MG,Indicação,2025-08-10
75,Aline Vieira Lima,430.972.351-21,Recife,PE,Redes Sociais,2025-07-12
76,Rafael Vieira Barbosa,784.488.444-13,Curitiba,PR,Indicação,2024-10-27
77,Sofia Alves Ribeiro,916.364.448-45,Belo Horizonte,MG,Redes Sociais,2023-01-21
78,Gabriela Oliveira Pereira,837.516.600-81,Goiânia,GO,Loja Física,2025-09-02
79,Rafael Silva Oliveira,401.326.514-98,Brasília,DF,Loja Física,2024-09-19
80,Mariana Lopes Fernandes,643.452.535-80,Campinas,SP,Redes Sociais,2024-12-21
81,Isabela Gomes Lima,336.223.838-34,Brasília,DF,Redes Sociais,2023-09-02
82,Mateus Ferreira Alves,321.856.595-45,Goiânia,GO,Redes Sociais,2023-07-25
83,João Pereira Ribeiro,283.409.114-78,Curitiba,PR,Loja Física,2024-07-15
84,Bruno Fernandes Gomes,814.229.753-72,São Paulo,SP,E-commerce,2023-01-26
85,João Lopes Lopes,551.448.288-16,Campinas,SP,Redes Sociais,2025-09-05
86,Carla Martins Lopes,175.690.744-97,Rio de Janeiro,RJ,E-commerce,2023-11-07
87,Gabriel Gomes Oliveira,354.221.671-63,Belo Horizonte,MG,Loja Física,2025-12-06
88,Rafael Almeida Gomes,980.702.539-49,Recife,PE,E-commerce,2023-07-23
89,Rodrigo Alves Lima,776.183.260-40,Curitiba,PR,Loja Física,2023-06-03
90,Ana Carvalho Almeida,805.708.581-47,Belo Horizonte,MG,E-commerce,2024-04-19
91,Mateus Gomes Nascimento,980.564.172-97,Porto Alegre,RS,Loja Física,2024-06-25
92,Juliana Alves Carvalho,217.657.330-92,Campinas,SP,Loja Física,2024-06-28
93,Carla Santos Ferreira,911.414.709-82,Belo Horizonte,MG,Redes Sociais,2025-06-18
94,Rafael Nascimento Gomes,816.512.378-74,Rio de Janeiro,RJ,Indicação,2025-06-15
95,Camila Santos Carvalho,852.430.718-42,Rio de Janeiro,RJ,E-commerce,2023-07-07
96,Juliana Vieira Vieira,121.883.788-44,Curitiba,PR,E-commerce,2023-12-25
97,Thiago Rocha Almeida,384.285.699-65,Brasília,DF,Indicação,2023-07-06
98,Mariana Carvalho Costa,428.786.207-30,Brasília,DF,Redes Sociais,2025-04-23
99,João Dias Martins,933.878.663-14,Brasília,DF,Indicação,2023-06-30
100,Isabela Costa Souza,891.513.985-75,Salvador,BA,E-commerce,2025-08-04
101,Bruno Alves Soares,470.737.874-73,Recife,PE,Indicação,2023-04-16
102,Isabela Fernandes Rodrigues,394.548.815-72,Curitiba,PR,E-commerce,2023-03-01
103,Henrique Nascimento Ferreira,418.664.114-80,Campinas,SP,Indicação,2023-07-10
104,Diego Almeida Souza,763.952.257-73,Curitiba,PR,Redes Sociais,2025-11-08
105,Patricia Lopes Lopes,349.567.664-28,Porto Alegre,RS,Indicação,2024-01-26
106,Thiago Andrade Rodrigues,984.171.382-63,Campinas,SP,Redes Sociais,2025-11-05
107,Ana Gomes Andrade,405.957.701-84,Porto Alegre,RS,Indicação,2023-11-01
108,Vanessa Lopes Ribeiro,440.665.881-79,Brasília,DF,Indicação,2025-07-21
109,Gabriela Nascimento Pereira,685.492.339-62,Salvador,BA,E-commerce,2024-10-13
110,Mateus Martins Martins,779.911.940-93,Brasília,DF,Loja Física,2025-10-11
111,Eduarda Soares Vieira,439.990.202-66,São Paulo,SP,E-commerce,2025-12-13
112,Ana Andrade Rodrigues,519.991.770-29,Brasília,DF,E-commerce,2025-08-19
113,Lucas Barbosa Nascimento,507.765.182-52,Porto Alegre,RS,Indicação,2024-10-10
114,Vanessa Santos Barbosa,170.340.746-97,Brasília,DF,Redes Sociais,2024-04-10
115,Patricia Souza Rocha,820.993.202-66,Rio de Janeiro,RJ,Loja Física,2024-09-05
116,Bruno Costa Santos,400.467.483-65,São Paulo,SP,Loja Física,2024-05-15
117,Patricia Vieira Dias,911.284.274-32,Goiânia,GO,E-commerce,2025-02-22
118,Juliana Pereira Lopes,697.246.337-69,Campinas,SP,Redes Sociais,2025-07-30
119,Juliana Silva Almeida,394.793.659-30,Porto Alegre,RS,E-commerce,2025-06-23
120,Gabriel Gomes Rocha,534.806.356-68,Salvador,BA,Redes Sociais,2024-02-12
121,Sofia Souza Pereira,490.685.467-83,Recife,PE,Redes Sociais,2024-08-27
122,Juliana Martins Lima,108.679.985-97,São Paulo,SP,E-commerce,2025-10-14
123,Henrique Barbosa Ribeiro,324.751.294-89,Porto Alegre,RS,Redes Sociais,2023-10-08
124,Rodrigo Rocha Santos,416.907.551-14,Rio de Janeiro,RJ,Redes Sociais,2023-09-27
125,João Costa Andrade,525.279.305-26,Rio de Janeiro,RJ,Redes Sociais,2025-12-23
126,Isabela Ferreira Lima,944.593.925-47,Goiânia,GO,Redes Sociais,2023-08-24
127,Carla Rodrigues Pereira,980.792.841-96,Brasília,DF,Indicação,2025-01-19
128,Natan Silva Lima,649.226.565-57,Rio de Janeiro,RJ,Redes Sociais,2025-02-19
129,Diego Dias Pereira,582.125.734-81,Salvador,BA,Redes Sociais,2024-03-29
130,Rodrigo Almeida Nascimento,409.764.518-24,Rio de Janeiro,RJ,Loja Física,2023-04-03
131,João Lopes Souza,199.340.650-27,São Paulo,SP,Indicação,2025-07-18
132,Juliana Andrade Nascimento,653.529.701-29,Salvador,BA,Indicação,2023-07-22
133,Camila Carvalho Lima,133.806.479-37,Brasília,DF,Indicação,2025-06-29
134,Mariana Souza Dias,476.657.760-55,Curitiba,PR,E-commerce,2025-03-26
135,Gabriela Souza Almeida,193.778.317-92,Porto Alegre,RS,E-commerce,2023-04-14
136,Henrique Rodrigues Vieira,310.170.949-80,Salvador,BA,Loja Física,2024-03-18
137,Lucas Rodrigues Barbosa,102.383.979-28,Curitiba,PR,Loja Física,2024-05-28
138,Diego Dias Silva,234.115.466-40,Belo Horizonte,MG,Redes Sociais,2023-02-02
139,Isabela Santos Rodrigues,859.531.638-24,Belo Horizonte,MG,E-commerce,2025-09-02
140,Mariana Soares Vieira,211.562.615-38,Brasília,DF,E-commerce,2025-12-03
141,Rafael Rocha Silva,162.590.967-61,Porto Alegre,RS,Indicação,2023-08-10
142,Mateus Almeida Oliveira,182.429.722-28,Brasília,DF,E-commerce,2023-09-16
143,Camila Rocha Vieira,661.829.432-58,Porto Alegre,RS,Redes Sociais,2025-07-18
144,Camila Carvalho Souza,912.818.217-93,Goiânia,GO,Loja Física,2025-05-30
145,Henrique Carvalho Costa,947.564.508-63,Brasília,DF,E-commerce,2024-10-02
146,Lucas Dias Lima,483.256.803-70,Recife,PE,E-commerce,2023-07-06
147,Carla Carvalho Souza,862.856.481-26,Rio de Janeiro,RJ,E-commerce,2024-11-06
148,Patricia Ribeiro Dias,868.533.988-16,Rio de Janeiro,RJ,Redes Sociais,2024-10-01
149,Diego Vieira Soares,317.258.772-71,Salvador,BA,Loja Física,2023-08-10
150,Vanessa Ribeiro Souza,880.385.687-38,Salvador,BA,Indicação,2023-02-23
151,Juliana Nascimento Lima,129.284.379-99,Campinas,SP,Redes Sociais,2024-11-26
152,Ana Ferreira Rodrigues,679.773.510-18,Salvador,BA,Loja Física,2023-03-04
153,Aline Soares Alves,485.529.564-53,Rio de Janeiro,RJ,Loja Física,2025-01-27
154,Aline Costa Vieira,710.186.153-29,Porto Alegre,RS,Loja Física,2023-04-12
155,Isabela Almeida Dias,534.597.721-66,Rio de Janeiro,RJ,Indicação,2024-07-13
156,Thiago Souza Ribeiro,540.213.390-96,Curitiba,PR,Indicação,2025-12-15
157,Bruno Pereira Martins,713.156.107-36,Porto Alegre,RS,Redes Sociais,2024-03-08
158,Isabela Gomes Costa,222.107.609-65,Belo Horizonte,MG,Loja Física,2023-09-22
159,Vanessa Nascimento Pereira,612.672.953-95,Recife,PE,Redes Sociais,2023-05-28
160,Aline Santos Carvalho,119.570.179-50,Recife,PE,Indicação,2025-04-08
161,João Souza Martins,121.432.275-89,Recife,PE,Indicação,2025-01-11
162,Patricia Souza Pereira,546.703.510-77,Rio de Janeiro,RJ,E-commerce,2025-03-21
163,Aline Costa Pereira,441.897.272-19,Porto Alegre,RS,E-commerce,2025-12-22
164,Gabriela Ribeiro Ribeiro,844.938.760-28,Goiânia,GO,Loja Física,2023-07-30
165,Isabela Alves Ferreira,716.256.878-93,Belo Horizonte,MG,E-commerce,2023-12-29
166,Rafael Vieira Vieira,559.797.678-92,Brasília,DF,Redes Sociais,2024-10-09
167,Rafael Oliveira Lopes,552.746.410-45,Belo Horizonte,MG,E-commerce,2024-12-21
168,Carla Gomes Almeida,562.138.158-57,Goiânia,GO,Redes Sociais,2023-06-07
169,Camila Barbosa Soares,493.573.694-80,Rio de Janeiro,RJ,E-commerce,2025-07-10
170,Rodrigo Alves Costa,719.587.613-29,Campinas,SP,E-commerce,2025-07-11
171,Lucas Nascimento Oliveira,616.761.276-15,Rio de Janeiro,RJ,Loja Física,2025-06-15
172,Thiago Soares Barbosa,262.472.481-46,Brasília,DF,Indicação,2025-04-17
173,Juliana Barbosa Santos,908.746.762-52,Salvador,BA,E-commerce,2024-11-06
174,Vanessa Dias Martins,390.358.841-94,Rio de Janeiro,RJ,Loja Física,2024-11-13
175,Gabriel Dias Rodrigues,458.417.771-99,Rio de Janeiro,RJ,Indicação,2023-09-22
176,Mateus Oliveira Gomes,672.485.758-52,Campinas,SP,Loja Física,2025-12-14
177,Rodrigo Dias Carvalho,620.470.118-56,Rio de Janeiro,RJ,Redes Sociais,2024-01-05
178,Lucas Lopes Alves,331.240.258-19,Curitiba,PR,Redes Sociais,2023-07-27
179,Vanessa Andrade Soares,138.777.444-89,Goiânia,GO,Loja Física,2025-02-10
180,Felipe Ferreira Nascimento,889.739.928-31,Belo Horizonte,MG,Indicação,2023-03-31
181,Mariana Dias Andrade,343.554.725-46,Recife,PE,Indicação,2024-04-24
182,Henrique Gomes Lopes,955.298.476-96,Goiânia,GO,Indicação,2025-08-03
183,Natan Soares Soares,528.265.936-35,Porto Alegre,RS,Loja Física,2024-05-27
184,Rodrigo Lopes Ribeiro,667.205.828-76,São Paulo,SP,E-commerce,2024-08-06
185,Felipe Lima Almeida,625.250.950-65,Rio de Janeiro,RJ,E-commerce,2024-03-30
186,Mariana Silva Carvalho,154.505.614-57,Brasília,DF,Loja Física,2025-03-01
187,Mariana Pereira Silva,426.201.959-93,Rio de Janeiro,RJ,Redes Sociais,2023-10-27
188,Bruno Gomes Lopes,812.951.242-70,Belo Horizonte,MG,Indicação,2023-01-11
189,Ana Lima Alves,955.253.661-87,Rio de Janeiro,RJ,Indicação,2023-08-16
190,Henrique Gomes Souza,148.344.529-91,Porto Alegre,RS,Indicação,2023-05-09
191,Sofia Barbosa Fernandes,116.747.627-83,Rio de Janeiro,RJ,Loja Física,2023-10-22
192,Patricia Silva Barbosa,461.346.684-63,Porto Alegre,RS,Loja Física,2023-06-25
193,Mariana Oliveira Soares,657.619.905-74,Goiânia,GO,E-commerce,2025-03-10
194,Bruno Rocha Martins,482.359.865-12,Brasília,DF,Redes Sociais,2023-05-19
195,Henrique Andrade Dias,743.206.890-84,Salvador,BA,Redes Sociais,2023-10-01
196,Mariana Fernandes Costa,933.758.279-97,São Paulo,SP,Indicação,2025-09-07
197,Eduarda Oliveira Nascimento,894.568.137-47,Belo Horizonte,MG,Loja Física,2023-03-31
198,Bruno Costa Gomes,627.507.934-79,Curitiba,PR,Indicação,2024-06-02
199,Rodrigo Alves Gomes,465.982.899-16,São Paulo,SP,Redes Sociais,2024-07-13
200,Mariana Carvalho Martins,861.550.495-53,Rio de Janeiro,RJ,Loja Física,2025-10-13
201,Mariana Soares Lima,920.184.844-64,Brasília,DF,E-commerce,2025-05-31
202,Felipe Fernandes Gomes,428.205.181-51,Campinas,SP,Redes Sociais,2024-09-19
203,Camila Nascimento Carvalho,270.806.554-54,Brasília,DF,Indicação,2023-03-28
204,Camila Carvalho Lima,754.910.158-19,Salvador,BA,Indicação,2025-01-14
205,Aline Dias Ferreira,131.246.969-87,Goiânia,GO,Indicação,2023-03-13
206,Carla Pereira Rocha,475.470.492-82,Belo Horizonte,MG,E-commerce,2023-11-11
207,Mariana Ribeiro Almeida,881.178.687-27,Brasília,DF,Redes Sociais,2025-03-26
208,Rodrigo Lima Pereira,216.126.853-33,Salvador,BA,Indicação,2025-11-26
209,Vanessa Souza Lima,893.366.820-67,Recife,PE,Loja Física,2024-08-07
210,Gabriela Souza Rodrigues,973.175.562-32,Brasília,DF,Indicação,2023-06-29
211,Juliana Ribeiro Nascimento,166.663.655-47,Salvador,BA,Redes Sociais,2023-11-19
212,Mariana Soares Pereira,224.305.911-27,Belo Horizonte,MG,Loja Física,2025-10-08
213,Mariana Fernandes Vieira,477.578.922-80,São Paulo,SP,Loja Física,2023-06-26
214,João Martins Nascimento,836.590.638-62,Rio de Janeiro,RJ,Indicação,2023-06-01
215,Lucas Rocha Oliveira,560.577.796-76,Belo Horizonte,MG,Redes Sociais,2023-09-20
216,Rodrigo Vieira Ferreira,886.232.543-74,Goiânia,GO,E-commerce,2023-09-12
217,Eduarda Gomes Ferreira,265.430.826-38,Goiânia,GO,Redes Sociais,2025-11-28
218,Carla Lima Alves,750.664.381-26,Porto Alegre,RS,Redes Sociais,2025-12-28
219,Thiago Rocha Ferreira,706.694.257-31,Rio de Janeiro,RJ,Redes Sociais,2023-03-26
220,Carla Santos Rocha,889.690.371-93,São Paulo,SP,Loja Física,2025-05-03
221,Rodrigo Silva Lopes,742.658.396-92,Campinas,SP,Redes Sociais,2025-09-16
222,Juliana Martins Gomes,564.174.805-17,Curitiba,PR,Loja Física,2025-06-19
223,Sofia Almeida Alves,448.721.247-50,Recife,PE,Redes Sociais,2024-12-08
224,Eduarda Ribeiro Soares,675.208.426-40,Recife,PE,Indicação,2023-09-08
225,Rafael Pereira Rodrigues,199.151.397-59,Porto Alegre,RS,Indicação,2024-05-23
226,Lucas Vieira Andrade,420.294.881-30,Belo Horizonte,MG,Indicação,2025-11-20
227,Sofia Gomes Lopes,123.192.502-74,Brasília,DF,Indicação,2024-05-08
228,Gabriel Ribeiro Santos,151.388.606-86,Curitiba,PR,Indicação,2024-08-08
229,Ana Souza Carvalho,237.370.844-56,Goiânia,GO,Indicação,2025-01-19
230,Natan Santos Vieira,675.299.471-80,São Paulo,SP,Redes Sociais,2023-05-31
231,Thiago Almeida Fernandes,386.945.738-97,Recife,PE,E-commerce,2023-09-21
232,Natan Ribeiro Costa,671.474.873-28,Rio de Janeiro,RJ,Loja Física,2025-11-08
233,Thiago Santos Santos,139.240.830-52,Recife,PE,Indicação,2025-11-29
234,Eduarda Barbosa Soares,243.435.727-50,Brasília,DF,Loja Física,2025-03-15
235,Aline Gomes Vieira,444.619.948-75,Campinas,SP,Indicação,2024-09-05
236,Ana Ribeiro Costa,789.212.526-84,Brasília,DF,Redes Sociais,2023-02-24
237,Sofia Lima Rocha,901.894.692-83,Campinas,SP,Loja Física,2023-04-16
238,Sofia Ferreira Soares,744.838.734-58,Campinas,SP,Loja Física,2024-05-11
239,Gabriel Nascimento Souza,295.119.551-50,São Paulo,SP,Indicação,2023-11-07
240,Mateus Alves Carvalho,613.893.726-70,Recife,PE,E-commerce,2023-10-10
241,Gabriela Fernandes Costa,778.589.638-58,Goiânia,GO,Redes Sociais,2023-12-21
242,Vanessa Costa Fernandes,462.792.890-97,Brasília,DF,Redes Sociais,2025-09-18
243,Henrique Lima Fernandes,405.330.404-46,Curitiba,PR,Loja Física,2025-09-28
244,Sofia Ribeiro Fernandes,914.838.380-46,Salvador,BA,E-commerce,2025-02-16
245,Mariana Rodrigues Gomes,143.394.831-20,Recife,PE,Redes Sociais,2025-06-24
246,Aline Lopes Alves,306.947.651-44,Porto Alegre,RS,Redes Sociais,2023-10-09
247,Camila Andrade Vieira,345.348.151-95,Rio de Janeiro,RJ,Loja Física,2024-04-21
248,Diego Carvalho Costa,834.583.202-97,São Paulo,SP,Loja Física,2023-01-11
249,Felipe Carvalho Rocha,999.587.588-93,Goiânia,GO,Loja Física,2024-08-11
250,João Rocha Santos,887.191.767-83,Salvador,BA,Loja Física,2025-12-31
251,Felipe Carvalho Ferreira,137.956.506-73,São Paulo,SP,Loja Física,2024-08-15
252,Ana Gomes Vieira,717.209.443-46,São Paulo,SP,Indicação,2025-12-09
253,Eduarda Soares Almeida,379.297.928-24,Brasília,DF,Redes Sociais,2023-11-29
254,Rodrigo Lima Nascimento,290.114.854-53,Brasília,DF,Redes Sociais,2024-01-31
255,Camila Rocha Martins,946.537.627-51,Belo Horizonte,MG,E-commerce,2025-03-31
256,Felipe Rodrigues Lopes,431.354.106-43,Rio de Janeiro,RJ,Indicação,2024-04-27
257,Isabela Costa Gomes,696.840.686-11,Brasília,DF,Redes Sociais,2025-01-06
258,Bruno Dias Souza,576.414.263-61,Curitiba,PR,Redes Sociais,2023-08-29
259,Mariana Barbosa Pereira,324.236.589-29,Porto Alegre,RS,Indicação,2025-02-04
260,Mateus Fernandes Lopes,875.650.921-95,Recife,PE,Loja Física,2024-05-21
261,Carla Soares Almeida,640.820.470-19,Campinas,SP,E-commerce,2023-05-07
262,Thiago Alves Vieira,649.253.268-51,Goiânia,GO,Indicação,2023-08-27
263,Mateus Vieira Lopes,193.622.556-17,Curitiba,PR,Indicação,2023-09-28
264,Patricia Almeida Vieira,159.672.573-96,Goiânia,GO,Redes Sociais,2023-02-14
265,Isabela Silva Andrade,323.692.174-15,Recife,PE,Indicação,2024-12-06
266,Vanessa Santos Oliveira,583.132.393-62,Rio de Janeiro,RJ,Loja Física,2023-10-05
267,Mariana Martins Almeida,990.486.484-20,Recife,PE,Loja Física,2024-12-13
268,Felipe Fernandes Martins,641.230.845-38,Rio de Janeiro,RJ,E-commerce,2023-02-16
269,Rafael Dias Andrade,657.534.644-58,Porto Alegre,RS,Loja Física,2024-05-21
270,Mariana Rodrigues Lima,293.996.842-24,Brasília,DF,E-commerce,2025-05-08
271,Ana Pereira Alves,168.203.708-14,Campinas,SP,Indicação,2023-04-10
272,Aline Santos Martins,549.339.652-37,Curitiba,PR,E-commerce,2023-10-14
273,João Pereira Andrade,689.426.691-86,Goiânia,GO,Redes Sociais,2024-04-30
274,Eduarda Dias Soares,326.523.407-45,Porto Alegre,RS,E-commerce,2023-12-25
275,Vanessa Lopes Santos,452.758.787-58,Recife,PE,Redes Sociais,2025-05-02
276,Eduarda Gomes Martins,288.872.650-70,Recife,PE,Loja Física,2024-04-06
277,Mateus Rodrigues Almeida,159.675.522-63,Porto Alegre,RS,Loja Física,2025-03-06
278,Isabela Alves Costa,762.180.560-57,Curitiba,PR,E-commerce,2024-01-26
279,Isabela Martins Dias,719.717.140-19,São Paulo,SP,Loja Física,2024-03-20
280,Gabriela Costa Gomes,115.316.294-25,Brasília,DF,Indicação,2024-05-11
281,Mateus Alves Martins,345.665.429-46,Campinas,SP,Indicação,2025-08-12
282,Rodrigo Ribeiro Gomes,367.468.625-73,Goiânia,GO,Indicação,2023-07-21
283,Lucas Alves Ribeiro,420.523.146-82,Brasília,DF,Loja Física,2023-10-26
284,Isabela Fernandes Vieira,693.837.527-47,São Paulo,SP,Loja Física,2024-02-06
285,Henrique Martins Vieira,953.351.611-80,Salvador,BA,Redes Sociais,2024-06-11
286,Aline Rocha Andrade,602.571.272-55,Brasília,DF,Loja Física,2023-10-14
287,Sofia Ferreira Fernandes,757.160.636-14,Goiânia,GO,E-commerce,2023-04-10
288,Patricia Rodrigues Rocha,336.169.824-29,São Paulo,SP,E-commerce,2024-03-23
289,Rafael Ribeiro Santos,732.753.782-88,Goiânia,GO,Indicação,2025-09-26
290,Ana Fernandes Fernandes,521.112.117-77,São Paulo,SP,Redes Sociais,2024-08-10
291,Thiago Nascimento Dias,540.925.283-23,São Paulo,SP,E-commerce,2025-12-09
292,Henrique Alves Barbosa,639.358.934-55,Belo Horizonte,MG,Redes Sociais,2025-03-23
293,Mariana Martins Almeida,678.349.813-38,Rio de Janeiro,RJ,Redes Sociais,2023-06-15
294,Carla Martins Martins,486.665.587-17,São Paulo,SP,E-commerce,2023-12-17
295,Sofia Carvalho Rocha,903.439.679-22,Rio de Janeiro,RJ,E-commerce,2024-04-15
296,Mateus Vieira Lopes,377.147.176-97,Curitiba,PR,Redes Sociais,2023-03-09
297,Lucas Silva Alves,701.247.870-60,Belo Horizonte,MG,E-commerce,2024-09-04
298,Gabriel Pereira Vieira,954.969.498-96,Belo Horizonte,MG,Redes Sociais,2025-02-25
299,Mateus Andrade Oliveira,612.863.454-16,Belo Horizonte,MG,E-commerce,2025-06-14
300,Carla Costa Barbosa,887.728.709-60,Curitiba,PR,Redes Sociais,2023-03-02
301,Rafael Lopes Pereira,464.666.484-65,Porto Alegre,RS,Loja Física,2025-02-17
302,Camila Gomes Pereira,830.175.184-44,Rio de Janeiro,RJ,Loja Física,2025-02-17
303,Aline Martins Costa,469.209.193-10,Belo Horizonte,MG,Redes Sociais,2025-06-29
304,Isabela Souza Rodrigues,189.291.541-67,Salvador,BA,Indicação,2023-07-31
305,Carla Ribeiro Fernandes,195.711.712-51,São Paulo,SP,Indicação,2023-01-26
306,Patricia Martins Oliveira,842.672.348-83,Porto Alegre,RS,Loja Física,2025-02-18
307,Eduarda Lima Gomes,374.604.249-18,Belo Horizonte,MG,Loja Física,2025-06-09
308,Patricia Gomes Lopes,901.178.469-42,Porto Alegre,RS,Loja Física,2025-10-12
309,Camila Alves Almeida,209.238.411-10,Campinas,SP,Indicação,2024-11-11
310,Natan Costa Almeida,442.540.935-93,Campinas,SP,Loja Física,2024-09-07
311,Camila Nascimento Alves,590.421.281-60,Salvador,BA,Redes Sociais,2024-08-19
312,Gabriel Pereira Costa,485.387.936-60,Brasília,DF,Redes Sociais,2023-08-22
313,Gabriela Vieira Fernandes,284.798.886-80,Campinas,SP,E-commerce,2025-08-03
314,Rafael Gomes Nascimento,170.938.968-62,Curitiba,PR,Indicação,2023-10-13
315,Henrique Lima Dias,257.832.533-58,Porto Alegre,RS,E-commerce,2025-07-08
316,Sofia Vieira Martins,647.618.990-98,Campinas,SP,Indicação,2023-03-17
317,Mateus Fernandes Barbosa,753.187.211-41,Salvador,BA,Redes Sociais,2023-12-07
318,Bruno Vieira Rocha,793.762.509-52,Campinas,SP,Indicação,2023-08-05
319,Diego Lima Pereira,622.864.631-81,São Paulo,SP,Loja Física,2025-07-01
320,Natan Almeida Dias,702.807.612-29,Salvador,BA,Redes Sociais,2023-02-20
321,Diego Gomes Carvalho,187.218.951-28,Brasília,DF,Redes Sociais,2024-09-30
322,Rafael Alves Soares,594.456.587-22,Salvador,BA,Indicação,2025-07-15
323,Carla Gomes Santos,929.827.217-12,Salvador,BA,Redes Sociais,2023-08-12
324,Aline Pereira Soares,278.665.263-52,Belo Horizonte,MG,Indicação,2025-08-04
325,Natan Rocha Ferreira,290.755.773-65,Curitiba,PR,Indicação,2023-03-01
326,Gabriela Almeida Vieira,539.498.104-37,Campinas,SP,Loja Física,2024-07-24
327,Gabriel Souza Fernandes,291.474.433-35,Rio de Janeiro,RJ,Indicação,2023-08-22
328,Juliana Lopes Soares,754.420.711-59,Porto Alegre,RS,Indicação,2023-08-22
329,Mariana Almeida Barbosa,276.933.789-48,Salvador,BA,E-commerce,2023-10-02
330,Diego Pereira Gomes,219.287.482-98,Salvador,BA,Loja Física,2025-11-12
331,Patricia Barbosa Rodrigues,688.492.533-33,Recife,PE,Indicação,2023-12-21
332,Felipe Lopes Gomes,243.291.422-67,Goiânia,GO,E-commerce,2025-01-05
333,Sofia Rodrigues Alves,934.493.675-74,São Paulo,SP,Indicação,2025-04-17
334,Patricia Nascimento Almeida,600.271.184-82,Brasília,DF,E-commerce,2024-03-27
335,Bruno Lima Pereira,650.395.272-68,Porto Alegre,RS,Indicação,2025-11-12
336,Gabriel Souza Lima,893.656.943-56,Rio de Janeiro,RJ,E-commerce,2025-06-22
337,Gabriela Carvalho Souza,853.949.769-41,Goiânia,GO,Redes Sociais,2023-03-08
338,Isabela Ribeiro Oliveira,549.986.220-40,Brasília,DF,Loja Física,2024-12-19
339,Rodrigo Carvalho Ferreira,730.242.903-36,Campinas,SP,Loja Física,2023-05-02
340,Mariana Fernandes Lima,711.651.272-51,Campinas,SP,Redes Sociais,2024-08-15
341,Isabela Soares Dias,934.197.238-62,Campinas,SP,E-commerce,2024-07-21
342,Mateus Rodrigues Pereira,249.828.429-41,Belo Horizonte,MG,Indicação,2025-09-29
343,Gabriel Rocha Lima,742.524.484-67,Belo Horizonte,MG,E-commerce,2023-07-10
344,Thiago Andrade Lima,811.998.477-68,Recife,PE,Indicação,2024-11-01
345,Ana Andrade Oliveira,848.569.750-95,Campinas,SP,Redes Sociais,2023-05-10
346,Natan Alves Carvalho,944.316.606-44,Goiânia,GO,Redes Sociais,2024-08-03
347,Vanessa Vieira Rodrigues,679.972.596-53,Salvador,BA,E-commerce,2023-04-05
348,Rodrigo Almeida Silva,227.978.261-66,Rio de Janeiro,RJ,Indicação,2023-01-02
349,Gabriela Nascimento Rodrigues,765.409.262-45,Recife,PE,E-commerce,2025-01-08
350,Carla Ribeiro Dias,764.269.153-60,Porto Alegre,RS,Redes Sociais,2024-04-24
351,Rodrigo Oliveira Nascimento,197.101.318-71,Recife,PE,E-commerce,2023-09-29
352,Henrique Soares Dias,555.109.108-99,Campinas,SP,Redes Sociais,2023-09-04
353,Mateus Rodrigues Lopes,172.334.492-21,Recife,PE,E-commerce,2023-07-31
354,Mariana Gomes Rodrigues,491.892.932-27,Salvador,BA,Loja Física,2023-05-21
355,Gabriel Silva Barbosa,765.268.550-54,Goiânia,GO,Loja Física,2023-11-07
356,Camila Dias Almeida,980.322.188-22,Recife,PE,Loja Física,2023-09-10
357,Aline Martins Ribeiro,539.422.910-27,Campinas,SP,Loja Física,2024-07-21
358,Henrique Fernandes Barbosa,714.838.722-46,Rio de Janeiro,RJ,E-commerce,2024-09-09
359,Thiago Barbosa Soares,293.865.501-47,Curitiba,PR,E-commerce,2024-05-05
360,Natan Souza Pereira,611.753.708-19,Brasília,DF,E-commerce,2025-01-09
361,Eduarda Martins Vieira,530.474.659-97,Salvador,BA,Loja Física,2025-08-22
362,Ana Vieira Oliveira,114.368.320-15,Rio de Janeiro,RJ,E-commerce,2025-03-26
363,João Rocha Nascimento,613.885.525-64,Goiânia,GO,Indicação,2023-06-18
364,Vanessa Barbosa Rodrigues,384.185.417-20,Goiânia,GO,Loja Física,2023-11-15
365,Lucas Martins Vieira,749.881.954-93,Goiânia,GO,E-commerce,2024-09-27
366,Aline Pereira Santos,350.188.544-24,Recife,PE,Indicação,2023-04-23
367,Juliana Andrade Dias,858.279.222-11,Porto Alegre,RS,Loja Física,2023-01-24
368,Sofia Ribeiro Soares,629.901.942-43,Belo Horizonte,MG,Loja Física,2025-01-31
369,Aline Lima Andrade,220.889.130-52,Belo Horizonte,MG,Indicação,2024-07-11
370,Carla Lima Nascimento,690.742.178-73,Goiânia,GO,Indicação,2025-11-12
371,Bruno Lopes Vieira,270.476.261-42,Salvador,BA,E-commerce,2023-08-25
372,Aline Soares Silva,145.979.983-11,Curitiba,PR,Loja Física,2023-04-05
373,Mariana Martins Rodrigues,283.978.136-80,Brasília,DF,Indicação,2024-04-04
374,Henrique Carvalho Andrade,427.377.945-19,Salvador,BA,Redes Sociais,2023-09-02
375,Juliana Santos Ferreira,328.923.628-15,Goiânia,GO,Indicação,2023-05-22
376,João Gomes Costa,188.666.567-11,Brasília,DF,Redes Sociais,2024-02-15
377,Gabriel Gomes Andrade,737.348.575-57,Porto Alegre,RS,Indicação,2024-02-05
378,Henrique Rodrigues Silva,519.124.338-79,Goiânia,GO,Redes Sociais,2023-01-20
379,Ana Dias Martins,969.855.844-49,Salvador,BA,E-commerce,2024-02-25
380,Henrique Carvalho Lopes,161.245.828-45,Goiânia,GO,E-commerce,2023-03-31
381,Thiago Carvalho Nascimento,481.569.865-20,Curitiba,PR,E-commerce,2025-11-01
382,Rodrigo Martins Oliveira,706.681.163-65,Belo Horizonte,MG,Loja Física,2024-04-29
383,Isabela Costa Martins,817.951.853-51,Porto Alegre,RS,Redes Sociais,2025-07-16
384,Henrique Oliveira Alves,239.898.888-84,Porto Alegre,RS,E-commerce,2023-11-15
385,Felipe Almeida Almeida,421.516.223-78,Rio de Janeiro,RJ,Redes Sociais,2024-03-01
386,João Almeida Lima,972.222.192-30,Brasília,DF,Redes Sociais,2023-03-24
387,Lucas Rodrigues Oliveira,828.354.464-60,Curitiba,PR,E-commerce,2024-09-04
388,Felipe Silva Martins,975.563.669-80,Porto Alegre,RS,Loja Física,2023-07-13
389,Diego Rodrigues Souza,112.163.950-38,Brasília,DF,Loja Física,2024-02-10
390,Mariana Dias Rocha,760.186.696-85,Recife,PE,Redes Sociais,2023-06-03
391,Carla Alves Rocha,554.928.231-21,São Paulo,SP,Redes Sociais,2023-09-08
392,Rafael Santos Ferreira,687.543.941-60,São Paulo,SP,Indicação,2023-03-02
393,Juliana Carvalho Ferreira,462.319.291-45,Recife,PE,Redes Sociais,2025-07-02
394,Bruno Barbosa Barbosa,731.351.762-47,Belo Horizonte,MG,Indicação,2025-04-23
395,Sofia Santos Oliveira,386.492.240-63,Goiânia,GO,Loja Física,2025-12-12
396,Rodrigo Fernandes Silva,491.900.830-55,Curitiba,PR,Indicação,2025-09-19
397,Gabriel Soares Costa,497.376.284-13,Salvador,BA,Redes Sociais,2024-03-24
398,Isabela Santos Lopes,642.466.885-84,São Paulo,SP,Loja Física,2023-11-23
399,Henrique Dias Pereira,372.646.935-17,Rio de Janeiro,RJ,Loja Física,2025-03-06
400,Felipe Ferreira Pereira,706.425.925-99,Salvador,BA,Redes Sociais,2023-02-27
401,Gabriel Vieira Rodrigues,676.292.956-73,Salvador,BA,Redes Sociais,2023-12-26
402,Bruno Oliveira Santos,338.716.324-12,Brasília,DF,Indicação,2023-01-02
403,Camila Alves Rodrigues,448.834.281-51,Salvador,BA,E-commerce,2023-02-14
404,Gabriel Nascimento Rodrigues,892.213.966-77,Belo Horizonte,MG,Redes Sociais,2023-05-29
405,Mateus Dias Martins,700.203.444-48,Salvador,BA,Redes Sociais,2023-10-07
406,Aline Carvalho Rocha,598.764.424-32,Belo Horizonte,MG,Redes Sociais,2024-04-02
407,Felipe Martins Gomes,851.805.401-26,Campinas,SP,Loja Física,2023-01-04
408,Natan Vieira Santos,286.716.425-88,Campinas,SP,Loja Física,2023-08-02
409,Eduarda Costa Andrade,179.343.455-50,Brasília,DF,Loja Física,2023-07-01
410,Rafael Silva Lima,314.355.809-18,Salvador,BA,Redes Sociais,2024-06-09
411,Aline Silva Santos,495.548.850-63,Rio de Janeiro,RJ,Loja Física,2025-04-27
412,Natan Ribeiro Fernandes,484.203.948-71,Brasília,DF,Loja Física,2023-11-30
413,Carla Santos Gomes,120.426.367-23,Brasília,DF,E-commerce,2024-12-01
414,Natan Ferreira Andrade,176.660.195-53,Belo Horizonte,MG,Indicação,2023-03-05
415,Rodrigo Ferreira Barbosa,544.260.154-22,Recife,PE,Redes Sociais,2024-02-25
416,Patricia Nascimento Fernandes,839.847.653-43,Curitiba,PR,Redes Sociais,2024-09-01
417,Diego Santos Martins,685.662.960-72,Curitiba,PR,Loja Física,2023-04-22
418,Ana Carvalho Oliveira,401.943.777-90,Salvador,BA,Indicação,2024-02-13
419,Ana Alves Ferreira,753.398.183-70,Rio de Janeiro,RJ,E-commerce,2024-09-23
420,Sofia Lopes Dias,371.193.757-79,Recife,PE,Indicação,2024-01-14
421,Natan Ribeiro Ferreira,556.145.369-66,Salvador,BA,Indicação,2024-06-23
422,Isabela Vieira Santos,254.870.813-95,Curitiba,PR,E-commerce,2023-06-25
423,Vanessa Carvalho Vieira,332.666.162-59,Salvador,BA,Indicação,2025-08-30
424,Henrique Lopes Gomes,180.504.974-14,Campinas,SP,Loja Física,2023-09-04
425,Felipe Ferreira Alves,927.297.229-15,Brasília,DF,Indicação,2023-06-10
426,Gabriela Rocha Rodrigues,954.709.364-50,Recife,PE,E-commerce,2023-06-28
427,Vanessa Martins Fernandes,433.977.382-76,Recife,PE,Indicação,2023-01-26
428,Gabriel Soares Carvalho,215.524.253-28,Campinas,SP,E-commerce,2023-08-05
429,Diego Gomes Fernandes,452.998.520-43,Campinas,SP,Indicação,2025-09-21
430,Camila Lopes Santos,276.382.512-28,Campinas,SP,Indicação,2023-03-21
431,Lucas Nascimento Pereira,150.863.586-44,Recife,PE,Redes Sociais,2023-02-11
432,João Gomes Lima,963.603.978-99,Salvador,BA,E-commerce,2024-04-11
433,João Andrade Almeida,892.945.428-44,Belo Horizonte,MG,Indicação,2023-07-02
434,Rafael Alves Carvalho,858.596.877-76,Curitiba,PR,Redes Sociais,2023-04-26
435,Felipe Oliveira Gomes,826.618.513-27,Goiânia,GO,E-commerce,2023-12-22
436,Gabriela Santos Pereira,133.567.151-56,Curitiba,PR,Loja Física,2024-07-15
437,Rafael Soares Martins,750.226.797-13,Salvador,BA,Loja Física,2025-02-01
438,Camila Almeida Ferreira,991.585.700-80,Brasília,DF,Redes Sociais,2024-12-06
439,Isabela Andrade Nascimento,192.391.128-59,Belo Horizonte,MG,E-commerce,2023-11-30
440,Gabriela Pereira Rocha,330.793.311-44,Campinas,SP,Indicação,2025-11-17
441,Juliana Silva Lopes,235.762.277-86,São Paulo,SP,E-commerce,2024-04-03
442,Camila Gomes Nascimento,826.758.381-64,Porto Alegre,RS,Indicação,2024-12-15
443,Isabela Alves Almeida,409.793.633-89,Brasília,DF,Indicação,2023-07-29
444,Thiago Dias Ribeiro,674.762.708-87,São Paulo,SP,Redes Sociais,2024-09-03
445,Sofia Oliveira Costa,383.755.432-45,Rio de Janeiro,RJ,Redes Sociais,2024-09-03
446,Eduarda Soares Pereira,158.924.977-86,Curitiba,PR,Indicação,2024-10-16
447,Aline Silva Rocha,609.402.365-63,Belo Horizonte,MG,Indicação,2025-03-06
448,Gabriel Nascimento Vieira,935.294.451-38,São Paulo,SP,Indicação,2025-01-04
449,João Ferreira Dias,997.671.285-47,Goiânia,GO,E-commerce,2025-08-22
450,Aline Lima Andrade,927.672.881-33,Belo Horizonte,MG,Redes Sociais,2023-07-02
451,Mariana Pereira Andrade,992.414.530-52,Curitiba,PR,Redes Sociais,2024-06-17
452,João Almeida Souza,581.154.987-91,Campinas,SP,E-commerce,2025-08-25
453,Thiago Souza Dias,490.642.405-62,Curitiba,PR,E-commerce,2023-11-05
454,Gabriela Costa Carvalho,683.568.246-50,Belo Horizonte,MG,Loja Física,2023-06-15
455,Lucas Rocha Ferreira,420.749.159-10,Brasília,DF,Indicação,2024-07-14
456,Felipe Vieira Ferreira,601.904.881-21,Curitiba,PR,Loja Física,2025-06-07
457,Natan Carvalho Lopes,492.104.138-78,Recife,PE,Loja Física,2025-02-03
458,Lucas Soares Alves,118.792.104-90,São Paulo,SP,Loja Física,2024-04-08
459,João Rodrigues Souza,492.615.702-49,Salvador,BA,Loja Física,2023-05-14
460,João Gomes Almeida,845.632.710-77,São Paulo,SP,Redes Sociais,2025-06-07
461,Lucas Lopes Ribeiro,868.292.268-61,Belo Horizonte,MG,E-commerce,2024-04-12
462,Aline Rodrigues Alves,851.122.703-74,Curitiba,PR,Loja Física,2023-09-10
463,Mateus Rocha Santos,484.997.755-42,Salvador,BA,E-commerce,2023-04-09
464,Rodrigo Silva Santos,806.218.526-66,Rio de Janeiro,RJ,Indicação,2023-09-11
465,Isabela Lopes Nascimento,256.310.811-97,Goiânia,GO,E-commerce,2024-09-08
466,Juliana Souza Dias,632.376.737-87,Recife,PE,Loja Física,2025-05-07
467,Thiago Andrade Barbosa,220.389.216-23,Rio de Janeiro,RJ,Indicação,2024-02-11
468,Gabriela Lima Soares,306.466.820-62,Campinas,SP,Redes Sociais,2023-11-25
469,Vanessa Lopes Alves,804.592.438-40,São Paulo,SP,E-commerce,2023-01-27
470,Diego Vieira Dias,605.252.192-75,Rio de Janeiro,RJ,E-commerce,2023-07-27
471,Rodrigo Pereira Almeida,403.370.575-16,Porto Alegre,RS,E-commerce,2023-12-24
472,João Ribeiro Dias,420.536.856-24,São Paulo,SP,E-commerce,2023-04-04
473,Eduarda Dias Rocha,274.436.466-66,São Paulo,SP,Redes Sociais,2023-07-10
474,Lucas Ferreira Souza,510.509.567-44,Salvador,BA,Indicação,2025-09-06
475,Rodrigo Ferreira Souza,235.812.843-17,Recife,PE,Loja Física,2023-08-01
476,Gabriel Lopes Vieira,794.548.285-88,Recife,PE,Indicação,2025-01-04
477,Ana Dias Andrade,233.594.599-24,Campinas,SP,Indicação,2025-06-21
478,Carla Lima Rocha,421.112.821-96,São Paulo,SP,Loja Física,2024-11-23
479,Thiago Nascimento Nascimento,733.197.543-94,Goiânia,GO,Loja Física,2025-09-13
480,Juliana Dias Rocha,494.252.959-81,Salvador,BA,E-commerce,2023-01-24
481,Thiago Lopes Lopes,990.269.176-72,Belo Horizonte,MG,Redes Sociais,2024-05-08
482,Isabela Santos Soares,328.663.758-58,Salvador,BA,Indicação,2024-04-26
483,Rafael Almeida Vieira,558.190.977-73,Rio de Janeiro,RJ,Indicação,2024-10-09
484,Sofia Andrade Rocha,118.205.513-62,Rio de Janeiro,RJ,E-commerce,2023-01-01
485,Camila Barbosa Rocha,411.620.675-36,Rio de Janeiro,RJ,Indicação,2024-11-29
486,Bruno Pereira Almeida,439.673.885-89,Salvador,BA,Indicação,2025-01-14
487,Diego Souza Dias,327.102.449-55,Brasília,DF,Redes Sociais,2025-12-05
488,Mateus Souza Santos,268.604.243-62,Salvador,BA,E-commerce,2024-06-04
489,Gabriela Alves Souza,972.502.320-68,Campinas,SP,Loja Física,2024-11-23
490,Patricia Santos Rocha,957.788.702-25,Rio de Janeiro,RJ,Indicação,2025-07-25
491,Thiago Rodrigues Lopes,104.643.853-16,Campinas,SP,Indicação,2025-09-16
492,Felipe Nascimento Vieira,277.848.934-26,Goiânia,GO,E-commerce,2025-03-04
493,Camila Costa Soares,493.528.723-98,Campinas,SP,Loja Física,2024-07-14
494,Lucas Gomes Almeida,924.236.241-62,Recife,PE,Redes Sociais,2024-10-04
495,Rodrigo Alves Alves,314.739.831-47,Goiânia,GO,Redes Sociais,2023-09-29
496,Thiago Fernandes Nascimento,752.430.827-24,Belo Horizonte,MG,Redes Sociais,2025-09-10
497,Gabriel Dias Nascimento,527.790.865-78,Campinas,SP,Redes Sociais,2025-05-15
498,Thiago Souza Silva,490.248.154-95,São Paulo,SP,E-commerce,2024-02-14
499,Felipe Gomes Dias,356.249.959-17,Porto Alegre,RS,Redes Sociais,2024-02-22
500,Bruno Ribeiro Almeida,204.730.988-96,Goiânia,GO,Loja Física,2025-03-07
501,Thiago Nascimento Gomes,809.780.148-58,Curitiba,PR,Indicação,2025-05-03
502,Vanessa Santos Silva,861.357.307-89,Salvador,BA,Indicação,2024-04-06
503,Gabriel Fernandes Andrade,717.301.894-34,Salvador,BA,Redes Sociais,2025-07-08
504,Juliana Oliveira Ferreira,277.852.626-25,Belo Horizonte,MG,Indicação,2023-03-25
505,Isabela Fernandes Lima,233.264.698-42,Recife,PE,E-commerce,2024-11-07
506,Mateus Rodrigues Santos,257.430.711-16,Brasília,DF,Redes Sociais,2025-10-01
507,Vanessa Ribeiro Oliveira,902.824.425-77,Campinas,SP,Loja Física,2024-01-12
508,Carla Soares Ferreira,525.656.649-61,Goiânia,GO,E-commerce,2024-12-16
509,Gabriela Dias Costa,439.469.400-37,Curitiba,PR,Indicação,2023-01-19
510,Juliana Ribeiro Almeida,346.757.728-89,Rio de Janeiro,RJ,Loja Física,2023-03-23
511,Natan Souza Martins,362.653.841-46,Salvador,BA,E-commerce,2025-11-24
512,Thiago Soares Almeida,598.144.403-93,Salvador,BA,Loja Física,2024-10-18
513,Carla Souza Ferreira,891.650.646-10,Goiânia,GO,E-commerce,2024-03-07
514,Juliana Carvalho Souza,310.650.948-99,Curitiba,PR,Indicação,2023-05-28
515,Ana Almeida Nascimento,439.138.189-19,Belo Horizonte,MG,E-commerce,2023-12-31
516,Vanessa Oliveira Vieira,941.333.364-62,Porto Alegre,RS,Indicação,2025-07-12
517,Patricia Costa Silva,498.789.221-78,Recife,PE,E-commerce,2023-05-10
518,Bruno Nascimento Oliveira,466.614.208-47,Campinas,SP,Redes Sociais,2023-06-27
519,Rafael Martins Martins,941.776.131-70,Porto Alegre,RS,Loja Física,2025-12-28
520,Eduarda Andrade Martins,915.916.969-79,Curitiba,PR,Redes Sociais,2023-10-23
521,Juliana Andrade Rocha,482.111.666-81,Porto Alegre,RS,Loja Física,2023-09-10
522,Ana Vieira Barbosa,503.650.660-20,São Paulo,SP,Redes Sociais,2024-03-06
523,Gabriela Carvalho Rocha,971.624.245-30,Salvador,BA,Loja Física,2024-03-28
524,Isabela Alves Souza,285.787.918-82,Campinas,SP,E-commerce,2025-08-02
525,Carla Gomes Dias,168.356.200-35,Goiânia,GO,Indicação,2024-11-08
526,Eduarda Dias Rocha,340.202.391-89,Salvador,BA,E-commerce,2024-02-01
527,Sofia Almeida Costa,731.775.413-98,Salvador,BA,Loja Física,2025-01-16
528,Patricia Ferreira Silva,420.352.904-38,Salvador,BA,Indicação,2024-07-20
529,Eduarda Dias Andrade,439.998.591-69,Salvador,BA,Indicação,2025-01-04
530,Sofia Fernandes Souza,279.761.721-20,Porto Alegre,RS,Redes Sociais,2023-10-14
531,Gabriela Lima Andrade,741.178.844-19,Goiânia,GO,E-commerce,2025-11-04
532,Gabriel Vieira Martins,887.704.317-14,São Paulo,SP,Redes Sociais,2025-08-24
533,Mariana Martins Pereira,890.703.850-47,Belo Horizonte,MG,Loja Física,2025-08-09
534,Thiago Oliveira Martins,472.614.110-94,Goiânia,GO,Loja Física,2023-12-06
535,Eduarda Almeida Ferreira,283.679.679-94,Goiânia,GO,Loja Física,2025-09-17
536,Bruno Pereira Lopes,337.164.370-57,Salvador,BA,Loja Física,2023-03-29
537,Thiago Ribeiro Martins,580.565.147-15,Curitiba,PR,Redes Sociais,2023-07-31
538,Rodrigo Lima Andrade,369.692.657-82,Goiânia,GO,Loja Física,2025-02-10
539,Mariana Vieira Rocha,955.179.629-42,Recife,PE,Indicação,2024-04-01
540,Natan Ribeiro Ribeiro,598.911.593-87,Goiânia,GO,E-commerce,2025-10-24
541,Rafael Ferreira Pereira,178.626.758-45,Belo Horizonte,MG,Loja Física,2023-11-04
542,Felipe Ribeiro Barbosa,834.936.221-94,Belo Horizonte,MG,Loja Física,2025-04-29
543,Aline Souza Lopes,791.590.590-36,Salvador,BA,Loja Física,2025-04-21
544,Henrique Santos Rodrigues,687.706.264-27,São Paulo,SP,E-commerce,2023-10-28
545,Felipe Lima Ferreira,629.515.713-82,São Paulo,SP,E-commerce,2024-08-03
546,Gabriela Almeida Barbosa,582.988.593-31,Rio de Janeiro,RJ,Loja Física,2025-04-21
547,Eduarda Vieira Ferreira,738.775.623-43,Campinas,SP,Loja Física,2024-12-02
548,Camila Vieira Oliveira,335.487.494-26,Brasília,DF,E-commerce,2023-02-03
549,Thiago Soares Dias,529.946.253-87,Curitiba,PR,E-commerce,2023-12-30
550,Camila Barbosa Santos,998.902.644-74,Brasília,DF,E-commerce,2023-07-10
551,Juliana Rodrigues Barbosa,652.947.101-96,Brasília,DF,Indicação,2025-12-05
552,Mariana Santos Nascimento,642.539.334-71,Recife,PE,Indicação,2024-12-18
553,Aline Nascimento Vieira,200.535.237-42,Campinas,SP,Indicação,2024-04-21
554,João Barbosa Fernandes,518.363.293-10,Rio de Janeiro,RJ,E-commerce,2025-12-06
555,Thiago Silva Martins,770.310.804-50,Rio de Janeiro,RJ,Indicação,2025-01-11
556,Eduarda Carvalho Rocha,699.359.367-78,Rio de Janeiro,RJ,Indicação,2025-01-18
557,Isabela Dias Martins,873.308.523-80,Campinas,SP,Indicação,2024-01-02
558,Vanessa Fernandes Lopes,359.414.691-54,Salvador,BA,Indicação,2023-10-10
559,Aline Pereira Almeida,901.816.265-22,Rio de Janeiro,RJ,Loja Física,2025-11-07
560,Lucas Fernandes Barbosa,813.800.823-16,Recife,PE,Loja Física,2025-03-07
561,Carla Rodrigues Lopes,714.545.190-18,São Paulo,SP,Redes Sociais,2024-03-30
562,Carla Barbosa Santos,841.493.510-88,Salvador,BA,Redes Sociais,2023-04-28
563,Rodrigo Lopes Almeida,110.306.970-94,Belo Horizonte,MG,Redes Sociais,2024-02-03
564,Camila Soares Soares,815.337.729-31,São Paulo,SP,E-commerce,2025-01-06
565,Rodrigo Silva Ferreira,188.382.898-61,Curitiba,PR,Redes Sociais,2025-03-20
566,Gabriel Alves Soares,115.854.820-18,Recife,PE,E-commerce,2024-08-05
567,Gabriel Ribeiro Ribeiro,935.383.331-87,Goiânia,GO,Loja Física,2025-07-20
568,Gabriel Silva Lima,279.516.618-23,Recife,PE,E-commerce,2025-10-27
569,Lucas Souza Soares,363.997.650-83,Porto Alegre,RS,Redes Sociais,2025-06-25
570,Gabriel Lopes Pereira,875.447.894-68,Recife,PE,Indicação,2023-02-26
571,Diego Lima Oliveira,491.748.907-38,Brasília,DF,Loja Física,2024-10-08
572,Mariana Soares Fernandes,109.817.952-43,Recife,PE,Loja Física,2024-08-11
573,Natan Dias Andrade,940.450.177-80,Rio de Janeiro,RJ,Loja Física,2025-09-02
574,Mariana Alves Vieira,375.287.864-97,Salvador,BA,Loja Física,2025-10-18
575,Henrique Andrade Pereira,993.371.311-39,Curitiba,PR,Loja Física,2024-05-26
576,Mariana Rodrigues Souza,222.180.792-94,Campinas,SP,Indicação,2023-01-14
577,Bruno Lopes Ribeiro,735.422.604-83,Goiânia,GO,Redes Sociais,2025-10-02
578,Thiago Lima Martins,327.868.690-26,Belo Horizonte,MG,E-commerce,2025-12-12
579,Sofia Fernandes Santos,614.455.503-97,Recife,PE,Loja Física,2025-07-25
580,Mateus Soares Almeida,423.805.108-11,Rio de Janeiro,RJ,Loja Física,2025-02-16
581,Diego Costa Ribeiro,727.982.365-33,Campinas,SP,Redes Sociais,2024-04-30
582,Sofia Barbosa Costa,474.288.610-64,Porto Alegre,RS,Loja Física,2025-05-08
583,Mariana Martins Lima,561.284.685-26,Salvador,BA,Loja Física,2023-07-24
584,Henrique Fernandes Carvalho,976.490.300-28,Porto Alegre,RS,Loja Física,2025-08-26
585,Felipe Carvalho Lopes,237.969.745-76,São Paulo,SP,Redes Sociais,2025-09-23
586,Isabela Fernandes Vieira,148.507.201-98,Porto Alegre,RS,Loja Física,2023-05-03
587,Isabela Lopes Rocha,198.560.862-52,Curitiba,PR,Redes Sociais,2025-01-09
588,Vanessa Fernandes Lima,452.120.521-25,Salvador,BA,Redes Sociais,2024-02-12
589,Gabriel Rocha Rocha,651.278.899-46,Campinas,SP,Redes Sociais,2024-10-27
590,Sofia Andrade Almeida,180.490.728-46,Goiânia,GO,Indicação,2023-10-24
591,Rodrigo Costa Carvalho,746.727.685-61,Belo Horizonte,MG,E-commerce,2023-06-12
592,Lucas Pereira Costa,424.768.398-44,Belo Horizonte,MG,Indicação,2024-07-09
593,Mariana Andrade Vieira,633.561.523-31,Brasília,DF,Loja Física,2023-02-17
594,Aline Pereira Dias,357.861.817-20,Belo Horizonte,MG,Loja Física,2023-12-08
595,Diego Souza Oliveira,999.584.661-16,Recife,PE,E-commerce,2025-03-24
596,Carla Souza Lima,732.259.186-93,Goiânia,GO,Indicação,2024-09-25
597,Henrique Andrade Gomes,553.741.229-26,Curitiba,PR,Loja Física,2023-02-28
598,Juliana Ribeiro Costa,984.587.578-79,São Paulo,SP,Redes Sociais,2025-06-30
599,Mateus Fernandes Ferreira,705.711.567-90,Belo Horizonte,MG,Indicação,2025-12-08
600,João Ribeiro Lopes,652.332.924-21,Goiânia,GO,Indicação,2024-09-22
601,Patricia Lima Rodrigues,410.110.100-76,Salvador,BA,Loja Física,2024-12-05
602,Sofia Fernandes Silva,804.603.873-71,Porto Alegre,RS,Redes Sociais,2023-01-19
603,João Barbosa Pereira,915.107.661-57,Recife,PE,Loja Física,2025-04-23
604,Patricia Martins Pereira,267.832.854-92,Goiânia,GO,Indicação,2025-02-13
605,Isabela Oliveira Carvalho,740.345.629-88,Curitiba,PR,Redes Sociais,2024-08-06
606,Isabela Carvalho Alves,973.170.286-27,Goiânia,GO,Redes Sociais,2023-08-15
607,Camila Almeida Lima,817.737.603-34,Brasília,DF,Redes Sociais,2023-02-09
608,Bruno Fernandes Silva,290.204.388-44,Belo Horizonte,MG,Loja Física,2025-06-16
609,Henrique Oliveira Rodrigues,115.605.322-53,São Paulo,SP,Indicação,2024-09-30
610,Mariana Almeida Nascimento,910.132.438-20,Brasília,DF,Loja Física,2023-04-25
611,Natan Oliveira Fernandes,581.285.296-42,Porto Alegre,RS,Indicação,2023-01-26
612,Mateus Pereira Martins,889.553.353-14,Rio de Janeiro,RJ,Loja Física,2025-08-01
613,Thiago Dias Alves,584.498.797-49,Rio de Janeiro,RJ,Redes Sociais,2023-11-21
614,Aline Fernandes Soares,225.359.592-91,São Paulo,SP,Redes Sociais,2024-02-11
615,Bruno Dias Alves,215.341.748-65,Salvador,BA,Redes Sociais,2023-01-31
616,Isabela Vieira Souza,505.908.348-11,Belo Horizonte,MG,E-commerce,2025-08-31
617,Eduarda Ribeiro Oliveira,354.261.611-21,Campinas,SP,Redes Sociais,2023-05-03
618,Mariana Rocha Rodrigues,818.649.910-23,São Paulo,SP,Loja Física,2025-09-26
619,Lucas Fernandes Rocha,874.455.924-66,Curitiba,PR,Loja Física,2023-02-13
620,Mariana Andrade Rodrigues,356.140.596-66,Recife,PE,Redes Sociais,2025-09-30
621,Gabriel Ferreira Fernandes,456.431.849-69,Curitiba,PR,Redes Sociais,2023-11-25
622,Thiago Rodrigues Almeida,402.939.369-79,Rio de Janeiro,RJ,Redes Sociais,2025-07-18
623,Rodrigo Soares Martins,851.289.119-89,São Paulo,SP,Redes Sociais,2024-05-04
624,Aline Oliveira Dias,651.938.496-34,Salvador,BA,Indicação,2023-11-12
625,João Costa Carvalho,756.429.213-22,Campinas,SP,E-commerce,2023-03-31
626,Felipe Santos Alves,209.597.296-22,Belo Horizonte,MG,E-commerce,2025-03-06
627,Thiago Barbosa Nascimento,704.362.150-56,Brasília,DF,Loja Física,2023-05-26
628,Gabriela Rocha Lopes,952.181.579-91,São Paulo,SP,E-commerce,2025-01-09
629,Aline Carvalho Ribeiro,913.825.159-88,Goiânia,GO,Redes Sociais,2025-12-19
630,Aline Oliveira Gomes,179.321.631-22,São Paulo,SP,E-commerce,2024-04-18
631,Natan Alves Alves,638.772.354-82,Goiânia,GO,Loja Física,2025-04-30
632,Rodrigo Vieira Ribeiro,790.569.819-95,Rio de Janeiro,RJ,Indicação,2023-08-02
633,Felipe Fernandes Martins,616.445.773-30,Belo Horizonte,MG,Indicação,2024-12-22
634,Vanessa Costa Ribeiro,522.882.748-65,Salvador,BA,Redes Sociais,2024-05-07
635,Vanessa Alves Martins,884.663.862-42,Campinas,SP,Redes Sociais,2025-07-15
636,Natan Silva Andrade,135.391.710-12,Brasília,DF,Loja Física,2024-09-10
637,João Pereira Alves,976.422.122-98,São Paulo,SP,Redes Sociais,2025-11-13
638,Gabriel Vieira Rodrigues,196.138.571-55,Goiânia,GO,Loja Física,2023-10-11
639,Mariana Vieira Pereira,338.362.930-48,Porto Alegre,RS,E-commerce,2025-03-29
640,Gabriela Andrade Oliveira,840.432.911-71,Campinas,SP,Loja Física,2025-09-26
641,Diego Barbosa Rocha,407.138.848-83,Campinas,SP,Indicação,2023-06-10
642,Lucas Ribeiro Carvalho,526.988.223-39,São Paulo,SP,E-commerce,2025-02-22
643,João Soares Santos,426.652.678-29,São Paulo,SP,Redes Sociais,2025-10-25
644,Eduarda Santos Dias,849.502.556-86,Curitiba,PR,E-commerce,2024-03-30
645,João Martins Rodrigues,235.444.184-70,Recife,PE,E-commerce,2025-03-28
646,Carla Martins Soares,544.892.814-26,Porto Alegre,RS,Loja Física,2025-09-11
647,Gabriela Lopes Martins,767.685.300-81,Goiânia,GO,Loja Física,2024-05-11
648,Isabela Carvalho Costa,801.689.191-24,Rio de Janeiro,RJ,Indicação,2025-05-17
649,Mariana Alves Costa,452.708.771-13,Salvador,BA,Redes Sociais,2023-12-13
650,Camila Almeida Barbosa,249.551.145-39,Salvador,BA,Loja Física,2025-02-04
651,Aline Oliveira Souza,857.155.348-89,Belo Horizonte,MG,Loja Física,2024-08-12
652,Lucas Nascimento Souza,412.560.582-12,São Paulo,SP,Redes Sociais,2024-03-04
653,Gabriela Alves Fernandes,635.868.364-80,Goiânia,GO,Indicação,2023-10-17
654,Natan Vieira Dias,639.144.361-31,São Paulo,SP,E-commerce,2024-08-04
655,Mateus Barbosa Lima,154.576.770-11,Curitiba,PR,E-commerce,2025-03-06
656,Juliana Dias Ribeiro,985.210.119-47,Porto Alegre,RS,Indicação,2024-04-18
657,Thiago Nascimento Souza,423.596.987-86,Recife,PE,E-commerce,2024-01-17
658,Thiago Almeida Fernandes,829.122.140-41,Curitiba,PR,Redes Sociais,2024-11-14
659,Natan Andrade Ferreira,118.455.800-55,Brasília,DF,Redes Sociais,2024-09-11
660,Thiago Lima Santos,740.363.999-59,Curitiba,PR,E-commerce,2024-07-27
661,Eduarda Costa Martins,772.240.189-58,Curitiba,PR,Loja Física,2025-05-04
662,Gabriel Rodrigues Carvalho,419.719.437-67,Curitiba,PR,Loja Física,2024-02-28
663,Gabriel Fernandes Dias,919.307.983-27,Belo Horizonte,MG,Redes Sociais,2025-12-08
664,Patricia Rodrigues Rocha,678.261.425-18,Belo Horizonte,MG,E-commerce,2024-01-13
665,Eduarda Andrade Silva,883.426.523-62,Salvador,BA,Redes Sociais,2025-06-26
666,Eduarda Alves Souza,234.289.126-88,Porto Alegre,RS,Redes Sociais,2024-04-17
667,Henrique Pereira Dias,126.467.181-98,Campinas,SP,Indicação,2023-10-02
668,Camila Lopes Nascimento,765.482.288-59,Goiânia,GO,Indicação,2025-08-28
669,Felipe Alves Pereira,133.518.882-11,Belo Horizonte,MG,Redes Sociais,2025-04-25
670,Aline Dias Alves,875.309.167-32,Curitiba,PR,Indicação,2025-09-30
671,Rafael Pereira Carvalho,514.894.142-87,Salvador,BA,Indicação,2024-10-02
672,Camila Andrade Vieira,708.649.637-92,Recife,PE,E-commerce,2025-12-02
673,Rafael Almeida Santos,998.351.631-78,Rio de Janeiro,RJ,Indicação,2023-03-22
674,Natan Soares Rocha,150.294.398-66,Goiânia,GO,Indicação,2024-09-15
675,Rafael Ferreira Carvalho,401.727.155-98,Porto Alegre,RS,Loja Física,2025-08-07
676,Carla Andrade Soares,215.284.897-84,Brasília,DF,Loja Física,2025-03-16
677,Lucas Almeida Silva,283.564.704-35,Recife,PE,Indicação,2023-07-04
678,Lucas Nascimento Rocha,828.915.267-25,Porto Alegre,RS,E-commerce,2023-08-22
679,Rodrigo Ribeiro Oliveira,636.824.493-75,Brasília,DF,Loja Física,2025-02-14
680,Natan Santos Ferreira,443.679.992-94,Goiânia,GO,Loja Física,2023-11-29
681,Felipe Nascimento Santos,529.415.416-67,Belo Horizonte,MG,Redes Sociais,2024-01-06
682,Eduarda Alves Silva,737.883.359-11,Rio de Janeiro,RJ,Indicação,2025-10-16
683,Vanessa Silva Barbosa,605.343.322-85,Brasília,DF,Indicação,2025-07-18
684,Rafael Oliveira Barbosa,714.106.350-80,Recife,PE,Redes Sociais,2024-03-01
685,Felipe Rodrigues Santos,768.457.137-28,São Paulo,SP,E-commerce,2024-09-03
686,Carla Santos Souza,526.282.265-96,Salvador,BA,Redes Sociais,2023-12-30
687,Aline Vieira Ribeiro,136.195.886-48,Brasília,DF,Redes Sociais,2025-01-24
688,Carla Carvalho Fernandes,166.399.582-27,Recife,PE,E-commerce,2024-07-16
689,Thiago Carvalho Soares,314.812.314-88,Salvador,BA,E-commerce,2023-08-12
690,Aline Rocha Soares,189.595.841-98,Campinas,SP,Redes Sociais,2025-05-24
691,Lucas Lima Soares,688.738.462-26,Campinas,SP,Indicação,2025-11-30
692,Sofia Ferreira Barbosa,338.825.397-34,Brasília,DF,E-commerce,2023-08-31
693,Rafael Rocha Souza,855.968.312-88,São Paulo,SP,Indicação,2025-04-27
694,Lucas Ribeiro Fernandes,925.752.317-11,São Paulo,SP,Loja Física,2024-07-30
695,Carla Gomes Gomes,618.663.431-10,Porto Alegre,RS,E-commerce,2024-11-13
696,Natan Andrade Vieira,730.129.952-32,Salvador,BA,Loja Física,2024-11-07
697,Juliana Lopes Lopes,916.136.761-27,Salvador,BA,Indicação,2023-11-15
698,Vanessa Costa Almeida,902.933.523-17,Brasília,DF,Redes Sociais,2024-10-08
699,Vanessa Silva Alves,691.801.439-55,Goiânia,GO,E-commerce,2023-11-02
700,Ana Costa Martins,741.647.962-31,Porto Alegre,RS,Indicação,2024-01-19
701,Diego Gomes Nascimento,978.422.826-14,Campinas,SP,Redes Sociais,2025-04-27
702,Sofia Pereira Ribeiro,562.949.409-37,Rio de Janeiro,RJ,Redes Sociais,2023-12-25
703,Mariana Santos Alves,194.554.618-13,Rio de Janeiro,RJ,Indicação,2025-10-21
704,Gabriela Costa Lopes,850.994.636-49,Belo Horizonte,MG,Redes Sociais,2023-10-21
705,Thiago Dias Rodrigues,310.841.137-68,Rio de Janeiro,RJ,Indicação,2025-12-05
706,Ana Gomes Santos,803.968.708-21,Rio de Janeiro,RJ,Redes Sociais,2025-08-14
707,Diego Soares Dias,863.419.123-83,São Paulo,SP,Redes Sociais,2024-03-05
708,Gabriela Alves Gomes,383.645.426-66,Salvador,BA,E-commerce,2024-07-12
709,Felipe Lima Souza,115.737.673-75,Belo Horizonte,MG,E-commerce,2024-02-28
710,Mariana Fernandes Costa,377.244.821-46,Goiânia,GO,Loja Física,2023-12-17
711,João Barbosa Costa,653.554.151-26,Rio de Janeiro,RJ,E-commerce,2025-08-22
712,Diego Martins Santos,188.536.501-32,São Paulo,SP,Indicação,2024-12-29
713,Lucas Alves Nascimento,876.786.928-78,Porto Alegre,RS,E-commerce,2025-08-11
714,Eduarda Oliveira Nascimento,579.199.566-49,Campinas,SP,Indicação,2025-08-21
715,Henrique Rodrigues Barbosa,364.472.501-33,Curitiba,PR,Redes Sociais,2024-10-27
716,Sofia Silva Oliveira,586.215.459-71,Brasília,DF,Indicação,2023-12-16
717,Mariana Barbosa Vieira,230.620.205-61,Porto Alegre,RS,E-commerce,2024-10-29
718,Rodrigo Oliveira Gomes,645.572.510-85,Goiânia,GO,Indicação,2024-05-03
719,Henrique Fernandes Ferreira,593.493.167-53,Campinas,SP,Loja Física,2025-06-01
720,Gabriel Costa Fernandes,810.341.277-94,Recife,PE,E-commerce,2025-09-23
721,Gabriel Barbosa Almeida,433.668.199-66,Rio de Janeiro,RJ,Loja Física,2024-09-22
722,Carla Barbosa Souza,801.933.710-58,Recife,PE,Redes Sociais,2025-10-09
723,Carla Alves Rodrigues,694.873.751-10,São Paulo,SP,Loja Física,2023-11-02
724,Vanessa Gomes Martins,730.691.557-35,Brasília,DF,Loja Física,2024-10-10
725,Gabriel Dias Gomes,545.835.452-21,Porto Alegre,RS,E-commerce,2025-11-11
726,Eduarda Gomes Santos,478.662.154-10,Recife,PE,Redes Sociais,2023-08-13
727,Ana Pereira Carvalho,819.704.503-90,Porto Alegre,RS,Redes Sociais,2025-02-22
728,Natan Carvalho Fernandes,316.778.277-70,Recife,PE,Loja Física,2024-01-21
729,Natan Ribeiro Carvalho,257.395.993-95,Goiânia,GO,Loja Física,2023-10-03
730,Carla Rocha Silva,247.838.598-94,São Paulo,SP,Indicação,2023-10-06
731,Eduarda Rocha Carvalho,980.566.907-99,Rio de Janeiro,RJ,Indicação,2024-01-04
732,Thiago Carvalho Fernandes,939.560.493-55,Brasília,DF,Loja Física,2024-01-16
733,Camila Silva Vieira,610.967.848-40,Recife,PE,Redes Sociais,2025-04-21
734,Gabriel Ribeiro Santos,138.681.594-57,Goiânia,GO,E-commerce,2025-09-13
735,Eduarda Andrade Andrade,639.979.868-45,Rio de Janeiro,RJ,Indicação,2025-11-24
736,Thiago Barbosa Oliveira,351.583.745-94,Rio de Janeiro,RJ,E-commerce,2024-10-01
737,Bruno Costa Fernandes,897.111.580-68,Campinas,SP,Indicação,2024-11-09
738,Mariana Gomes Gomes,271.136.811-86,Recife,PE,Redes Sociais,2024-06-17
739,Rodrigo Lopes Vieira,273.686.152-94,São Paulo,SP,Redes Sociais,2023-02-25
740,Sofia Oliveira Rodrigues,617.178.971-45,Porto Alegre,RS,Redes Sociais,2023-09-29
741,Isabela Lima Lima,114.859.214-87,Campinas,SP,Loja Física,2023-11-06
742,Mariana Ferreira Lima,901.817.341-72,Brasília,DF,Loja Física,2025-12-16
743,Lucas Oliveira Rodrigues,709.941.257-73,São Paulo,SP,Indicação,2025-02-23
744,Juliana Almeida Andrade,752.271.315-83,Curitiba,PR,Redes Sociais,2023-04-22
745,Diego Santos Ferreira,575.508.587-48,Porto Alegre,RS,Indicação,2025-12-26
746,Natan Dias Nascimento,499.585.368-28,Curitiba,PR,Indicação,2023-01-25
747,Rafael Martins Dias,423.642.799-15,Porto Alegre,RS,E-commerce,2025-12-24
748,Patricia Barbosa Rocha,978.379.443-44,Salvador,BA,Redes Sociais,2023-07-21
749,Rodrigo Vieira Martins,572.891.791-40,Porto Alegre,RS,Loja Física,2025-11-30
750,Juliana Nascimento Ferreira,420.660.110-96,Salvador,BA,E-commerce,2023-05-20
751,Patricia Souza Soares,206.801.556-54,São Paulo,SP,Loja Física,2024-08-03
752,Gabriela Santos Silva,734.194.158-86,Porto Alegre,RS,Loja Física,2023-09-07
753,Carla Barbosa Rodrigues,484.772.882-92,Rio de Janeiro,RJ,Loja Física,2023-08-16
754,Isabela Gomes Almeida,776.177.754-68,Belo Horizonte,MG,Redes Sociais,2025-05-24
755,Isabela Ferreira Oliveira,383.895.163-58,Salvador,BA,Indicação,2024-11-12
756,Isabela Lima Ferreira,551.171.603-35,São Paulo,SP,Indicação,2024-01-01
757,Diego Rodrigues Fernandes,887.541.323-88,Brasília,DF,E-commerce,2025-06-23
758,Diego Santos Oliveira,172.685.845-42,Porto Alegre,RS,Indicação,2023-02-08
759,Eduarda Rocha Rocha,100.138.780-59,Brasília,DF,Redes Sociais,2023-11-07
760,Natan Vieira Silva,627.824.889-72,Salvador,BA,Indicação,2025-06-12
761,Aline Oliveira Fernandes,331.103.493-98,Recife,PE,Indicação,2023-09-06
762,Vanessa Ribeiro Costa,798.410.510-17,Campinas,SP,E-commerce,2025-01-18
763,Lucas Oliveira Almeida,878.884.396-92,Goiânia,GO,Loja Física,2023-12-28
764,Bruno Martins Dias,295.406.812-59,Goiânia,GO,E-commerce,2025-01-05
765,Carla Rocha Almeida,852.294.243-14,Brasília,DF,Loja Física,2023-02-21
766,Henrique Lopes Martins,164.911.653-92,Campinas,SP,Redes Sociais,2025-10-20
767,Rafael Silva Santos,447.157.445-15,Goiânia,GO,Indicação,2023-08-31
768,Rodrigo Dias Soares,569.794.991-78,Curitiba,PR,Loja Física,2024-04-22
769,Bruno Andrade Rodrigues,600.769.119-70,Rio de Janeiro,RJ,E-commerce,2024-05-12
770,Ana Ferreira Rocha,151.414.940-22,Belo Horizonte,MG,Indicação,2023-12-16
771,Carla Souza Souza,609.709.918-88,Campinas,SP,Loja Física,2023-05-10
772,Patricia Costa Andrade,794.511.432-25,Curitiba,PR,Loja Física,2024-10-20
773,Bruno Vieira Ferreira,443.164.223-45,Curitiba,PR,Loja Física,2025-04-30
774,Mateus Ribeiro Fernandes,268.549.349-84,Belo Horizonte,MG,E-commerce,2023-10-01
775,Rodrigo Barbosa Martins,896.261.116-72,Rio de Janeiro,RJ,E-commerce,2023-01-14
776,Felipe Oliveira Nascimento,767.707.390-63,São Paulo,SP,Indicação,2023-09-17
777,Eduarda Rocha Lima,635.561.521-40,Curitiba,PR,Loja Física,2023-03-19
778,Felipe Nascimento Lopes,726.190.742-48,Campinas,SP,Redes Sociais,2025-05-07
779,Vanessa Pereira Alves,220.642.197-89,São Paulo,SP,Redes Sociais,2025-11-05
780,Rafael Rocha Dias,313.383.154-34,Curitiba,PR,E-commerce,2023-11-02
781,Sofia Ferreira Ferreira,786.144.155-92,Brasília,DF,Redes Sociais,2024-08-06
782,Patricia Lima Costa,731.924.876-68,Curitiba,PR,E-commerce,2023-08-02
783,Vanessa Ferreira Ferreira,904.129.596-75,São Paulo,SP,E-commerce,2023-05-26
784,Aline Almeida Vieira,693.433.529-35,Curitiba,PR,Redes Sociais,2024-04-16
785,Lucas Pereira Souza,342.855.522-35,Rio de Janeiro,RJ,Indicação,2024-03-27
786,Sofia Vieira Lopes,155.546.248-37,Rio de Janeiro,RJ,Indicação,2023-12-31
787,Mariana Rodrigues Almeida,837.298.747-55,Recife,PE,Redes Sociais,2024-02-19
788,Eduarda Santos Nascimento,682.161.387-27,Salvador,BA,E-commerce,2025-08-11
789,Patricia Ferreira Costa,325.402.718-30,Brasília,DF,Loja Física,2024-04-15
790,Patricia Soares Lopes,982.321.705-70,Rio de Janeiro,RJ,Indicação,2024-07-25
791,Aline Carvalho Andrade,993.352.353-51,São Paulo,SP,Indicação,2024-03-31
792,Eduarda Vieira Silva,527.145.141-70,Campinas,SP,E-commerce,2025-05-21
793,Natan Lopes Nascimento,941.200.563-73,Goiânia,GO,Loja Física,2023-06-20
794,Ana Nascimento Andrade,516.323.235-55,Goiânia,GO,Redes Sociais,2024-05-04
795,Ana Lopes Dias,412.265.820-68,Rio de Janeiro,RJ,E-commerce,2025-07-20
796,Eduarda Nascimento Martins,289.908.992-57,Brasília,DF,Indicação,2023-01-03
797,Natan Nascimento Costa,643.133.403-64,Rio de Janeiro,RJ,Redes Sociais,2024-02-29
798,Camila Costa Andrade,156.627.790-56,Rio de Janeiro,RJ,E-commerce,2023-08-16
799,Mariana Almeida Barbosa,141.474.475-32,Recife,PE,E-commerce,2024-02-24
800,Lucas Pereira Fernandes,216.764.589-84,Belo Horizonte,MG,Loja Física,2024-04-06
801,Mariana Lima Soares,796.533.383-16,Salvador,BA,E-commerce,2025-02-02
802,Rafael Lopes Soares,639.949.225-70,Salvador,BA,Redes Sociais,2025-07-14
803,Mariana Dias Nascimento,928.167.292-68,Campinas,SP,E-commerce,2023-06-14
804,Felipe Gomes Oliveira,211.268.382-24,Recife,PE,Loja Física,2025-10-13
805,Gabriela Soares Rocha,123.400.526-97,Belo Horizonte,MG,Loja Física,2025-08-28
806,Patricia Almeida Andrade,760.121.398-34,Salvador,BA,E-commerce,2023-02-15
807,Thiago Rocha Costa,521.692.451-93,Curitiba,PR,Redes Sociais,2025-09-22
808,Juliana Nascimento Soares,962.661.555-68,Campinas,SP,Redes Sociais,2023-09-28
809,Felipe Lima Pereira,595.480.395-16,Porto Alegre,RS,Loja Física,2024-12-24
810,Rafael Ferreira Barbosa,264.828.648-46,Porto Alegre,RS,Loja Física,2023-12-26
811,Felipe Pereira Souza,142.424.688-26,Belo Horizonte,MG,Indicação,2024-06-17
812,Felipe Alves Fernandes,824.135.781-50,Salvador,BA,Redes Sociais,2023-10-30
813,Rafael Fernandes Ferreira,646.408.224-13,Salvador,BA,Indicação,2025-10-19
814,Rafael Costa Rodrigues,104.856.659-74,Belo Horizonte,MG,Redes Sociais,2024-08-28
815,João Vieira Dias,250.918.678-66,Brasília,DF,Redes Sociais,2023-08-19
816,Bruno Rodrigues Dias,664.219.415-13,Brasília,DF,Indicação,2024-03-27
817,Mariana Oliveira Costa,156.722.756-34,Brasília,DF,Loja Física,2024-07-23
818,Ana Oliveira Fernandes,969.556.793-95,Curitiba,PR,E-commerce,2025-11-14
819,Gabriela Lopes Costa,717.719.623-17,Recife,PE,Redes Sociais,2025-03-25
820,Mateus Carvalho Ribeiro,495.481.112-46,Belo Horizonte,MG,Redes Sociais,2024-12-20
821,Rafael Fernandes Oliveira,320.845.554-63,Porto Alegre,RS,Indicação,2024-08-14
822,Aline Carvalho Andrade,524.242.955-85,Belo Horizonte,MG,E-commerce,2023-10-22
823,João Lopes Soares,443.167.704-58,Curitiba,PR,E-commerce,2023-01-14
824,Rodrigo Lima Carvalho,279.669.573-82,Recife,PE,Loja Física,2024-02-13
825,Natan Gomes Fernandes,602.143.942-48,Belo Horizonte,MG,Redes Sociais,2025-10-08
826,Aline Almeida Pereira,127.910.102-29,Goiânia,GO,Redes Sociais,2024-09-06
827,Diego Rocha Dias,394.527.283-72,Brasília,DF,Loja Física,2023-02-28
828,Isabela Lopes Oliveira,713.863.470-84,Rio de Janeiro,RJ,Indicação,2025-06-12
829,Rodrigo Dias Lopes,810.937.222-57,Porto Alegre,RS,E-commerce,2024-06-15
830,Gabriel Santos Rodrigues,427.572.999-98,Belo Horizonte,MG,Loja Física,2025-01-01
831,Bruno Lima Ribeiro,529.751.464-16,Belo Horizonte,MG,Redes Sociais,2024-08-20
832,Rodrigo Oliveira Soares,298.884.743-33,Goiânia,GO,E-commerce,2023-12-09
833,Lucas Costa Dias,919.408.377-97,Goiânia,GO,Redes Sociais,2023-07-16
834,Gabriel Ribeiro Rodrigues,113.240.630-46,Goiânia,GO,Redes Sociais,2025-09-20
835,Lucas Ferreira Souza,323.258.615-38,Recife,PE,Loja Física,2025-12-12
836,Mateus Fernandes Nascimento,874.921.216-63,Goiânia,GO,Indicação,2023-06-06
837,Eduarda Silva Lopes,456.419.807-56,Rio de Janeiro,RJ,Loja Física,2025-06-24
838,Thiago Costa Ferreira,826.411.129-25,Campinas,SP,Loja Física,2023-09-21
839,Mateus Pereira Gomes,228.314.233-20,Belo Horizonte,MG,Indicação,2023-08-17
840,Ana Lopes Carvalho,143.301.210-14,Rio de Janeiro,RJ,E-commerce,2025-08-18
841,Isabela Santos Oliveira,408.783.110-22,Rio de Janeiro,RJ,E-commerce,2024-02-25
842,Gabriela Ferreira Dias,459.129.192-28,Campinas,SP,Redes Sociais,2024-12-13
843,Felipe Soares Andrade,727.347.617-82,Salvador,BA,E-commerce,2023-07-22
844,Ana Soares Alves,832.296.388-31,Campinas,SP,E-commerce,2023-07-22
845,Thiago Nascimento Lopes,475.814.703-33,Curitiba,PR,Indicação,2023-08-08
846,Mariana Martins Carvalho,319.626.333-62,Belo Horizonte,MG,E-commerce,2024-10-05
847,Rafael Souza Soares,239.607.880-56,Rio de Janeiro,RJ,Redes Sociais,2023-03-25
848,Lucas Lopes Souza,494.390.567-86,Rio de Janeiro,RJ,Redes Sociais,2025-06-28
849,Vanessa Carvalho Gomes,975.538.293-18,Curitiba,PR,Indicação,2025-01-22
850,Ana Dias Lopes,788.207.505-66,Belo Horizonte,MG,E-commerce,2023-09-02
851,Natan Martins Nascimento,704.204.859-31,Belo Horizonte,MG,E-commerce,2025-01-14
852,Lucas Alves Barbosa,964.513.225-39,Curitiba,PR,Indicação,2025-10-19
853,Mateus Vieira Vieira,379.874.908-92,Porto Alegre,RS,Indicação,2024-12-30
854,Juliana Barbosa Martins,596.623.385-28,Brasília,DF,Indicação,2023-08-10
855,Isabela Lopes Lopes,336.743.237-13,Rio de Janeiro,RJ,E-commerce,2023-04-19
856,Sofia Dias Silva,283.491.719-96,Rio de Janeiro,RJ,Redes Sociais,2023-11-09
857,Camila Barbosa Souza,878.178.776-76,Porto Alegre,RS,Indicação,2025-08-12
858,João Dias Lopes,602.616.367-79,Curitiba,PR,Redes Sociais,2023-02-06
859,Patricia Souza Martins,560.422.973-58,São Paulo,SP,Indicação,2025-07-30
860,Bruno Ferreira Fernandes,775.981.898-48,São Paulo,SP,Loja Física,2025-10-03
861,Eduarda Gomes Nascimento,498.599.882-24,Recife,PE,Indicação,2025-08-20
862,Vanessa Ferreira Soares,157.500.369-73,Brasília,DF,Indicação,2024-12-23
863,Lucas Santos Silva,704.146.231-56,Porto Alegre,RS,Redes Sociais,2023-02-25
864,Natan Souza Carvalho,453.465.521-54,Salvador,BA,E-commerce,2024-05-15
865,Henrique Rocha Gomes,706.186.804-18,Curitiba,PR,Redes Sociais,2023-08-23
866,Felipe Silva Fernandes,433.138.571-94,Salvador,BA,Indicação,2025-11-20
867,Isabela Silva Nascimento,580.702.122-50,Recife,PE,Indicação,2025-03-10
868,Gabriel Souza Lopes,202.807.791-36,Salvador,BA,Redes Sociais,2025-10-14
869,Juliana Costa Ferreira,729.406.472-65,Goiânia,GO,Loja Física,2025-10-14
870,Vanessa Alves Gomes,371.148.404-83,Rio de Janeiro,RJ,Indicação,2024-04-07
871,Aline Oliveira Nascimento,964.692.197-85,Campinas,SP,Redes Sociais,2024-07-13
872,Gabriel Soares Lopes,537.314.455-19,Rio de Janeiro,RJ,Redes Sociais,2025-10-30
873,Patricia Dias Fernandes,420.304.524-61,Porto Alegre,RS,Redes Sociais,2025-11-21
874,Juliana Fernandes Ferreira,119.742.820-76,Brasília,DF,Loja Física,2025-10-19
875,Juliana Andrade Almeida,374.753.645-88,Curitiba,PR,Indicação,2023-05-03
876,Gabriela Ribeiro Almeida,251.346.254-97,Goiânia,GO,Redes Sociais,2025-06-10
877,Lucas Oliveira Rocha,308.966.522-44,Recife,PE,Redes Sociais,2023-11-25
878,Juliana Barbosa Pereira,515.344.216-29,Porto Alegre,RS,Loja Física,2023-02-26
879,João Almeida Lopes,673.546.532-92,Curitiba,PR,E-commerce,2024-02-18
880,Isabela Rodrigues Silva,364.908.922-45,Belo Horizonte,MG,Loja Física,2023-03-28
881,Ana Santos Oliveira,421.716.405-18,Brasília,DF,Indicação,2025-01-14
882,Natan Andrade Rodrigues,341.214.684-74,Rio de Janeiro,RJ,E-commerce,2025-12-04
883,Thiago Lima Lopes,192.343.714-25,Campinas,SP,Redes Sociais,2024-11-05
884,Aline Martins Andrade,861.341.533-37,Campinas,SP,Loja Física,2023-08-07
885,Gabriela Lima Almeida,518.360.983-85,Belo Horizonte,MG,E-commerce,2025-10-01
886,Mariana Nascimento Souza,424.658.533-70,Goiânia,GO,Loja Física,2024-07-22
887,Mariana Lopes Nascimento,476.941.415-12,Belo Horizonte,MG,E-commerce,2023-04-22
888,Isabela Fernandes Martins,416.754.817-56,Curitiba,PR,E-commerce,2025-12-31
889,Rafael Martins Silva,502.361.408-21,Curitiba,PR,Loja Física,2024-09-01
890,Felipe Almeida Rocha,424.931.885-92,Curitiba,PR,Indicação,2023-03-11
891,Carla Lopes Lopes,854.522.961-52,Porto Alegre,RS,Indicação,2023-07-25
892,Mateus Lima Soares,167.460.530-87,Belo Horizonte,MG,Redes Sociais,2025-07-17
893,Bruno Rocha Rocha,288.745.554-92,São Paulo,SP,Loja Física,2023-01-07
894,Gabriela Rocha Gomes,421.689.184-24,Recife,PE,Loja Física,2024-05-26
895,Mateus Rocha Rodrigues,967.708.802-62,Goiânia,GO,Redes Sociais,2025-07-13
896,Aline Rodrigues Lima,277.803.707-51,Brasília,DF,Redes Sociais,2024-02-11
897,Patricia Ribeiro Ferreira,502.997.486-83,Rio de Janeiro,RJ,Loja Física,2023-02-12
898,Vanessa Rocha Barbosa,741.334.191-69,São Paulo,SP,Loja Física,2024-06-20
899,Bruno Martins Barbosa,539.714.366-29,Belo Horizonte,MG,E-commerce,2025-01-23
900,Gabriel Souza Silva,835.638.545-68,Belo Horizonte,MG,Indicação,2023-08-31
901,Mateus Alves Alves,982.932.900-44,Curitiba,PR,Redes Sociais,2025-10-09
902,Eduarda Carvalho Alves,714.320.943-46,Recife,PE,Loja Física,2025-05-06
903,Patricia Rodrigues Silva,397.368.341-89,Belo Horizonte,MG,Indicação,2024-05-23
904,Gabriel Dias Rocha,569.187.110-70,Salvador,BA,Loja Física,2024-10-24
905,Juliana Alves Nascimento,492.825.533-86,Recife,PE,Redes Sociais,2023-05-30
906,Vanessa Santos Santos,440.340.582-55,Rio de Janeiro,RJ,E-commerce,2023-01-11
907,Thiago Barbosa Martins,409.504.787-57,Porto Alegre,RS,Loja Física,2023-03-26
908,Felipe Lima Ferreira,615.604.447-69,Campinas,SP,Loja Física,2023-07-03
909,Mateus Soares Carvalho,245.366.219-50,Salvador,BA,E-commerce,2023-09-19
910,Isabela Andrade Ribeiro,540.389.997-43,Brasília,DF,Redes Sociais,2025-11-24
911,Patricia Ferreira Costa,854.603.882-29,Salvador,BA,Indicação,2023-04-19
912,Eduarda Santos Pereira,287.136.581-43,Curitiba,PR,Loja Física,2025-08-14
913,Diego Lopes Santos,552.465.826-81,Recife,PE,Indicação,2025-07-26
914,Diego Andrade Rodrigues,226.457.195-36,Brasília,DF,Redes Sociais,2024-01-05
915,Aline Soares Lima,676.779.699-37,Belo Horizonte,MG,E-commerce,2025-12-13
916,Felipe Carvalho Oliveira,352.886.610-96,Campinas,SP,E-commerce,2024-11-04
917,João Dias Dias,224.503.482-85,São Paulo,SP,E-commerce,2024-10-24
918,Ana Oliveira Almeida,950.824.775-71,Belo Horizonte,MG,Indicação,2024-07-05
919,Juliana Silva Costa,144.771.737-67,Campinas,SP,Redes Sociais,2023-09-22
920,Bruno Rocha Gomes,430.917.156-19,Curitiba,PR,Indicação,2023-07-09
921,Isabela Ferreira Pereira,889.986.508-21,Recife,PE,E-commerce,2024-03-02
922,Natan Martins Gomes,762.870.769-29,Belo Horizonte,MG,E-commerce,2024-09-03
923,Patricia Andrade Gomes,801.717.234-55,Brasília,DF,E-commerce,2025-01-22
924,Gabriela Lopes Almeida,497.587.374-82,Goiânia,GO,Indicação,2023-07-04
925,Mariana Barbosa Ferreira,544.745.536-21,Recife,PE,E-commerce,2025-11-17
926,Rafael Dias Pereira,763.802.830-29,Salvador,BA,Indicação,2025-12-15
927,Carla Gomes Almeida,547.181.920-71,Goiânia,GO,Redes Sociais,2023-11-01
928,Juliana Gomes Pereira,635.537.402-82,Belo Horizonte,MG,E-commerce,2023-06-06
929,Thiago Souza Soares,535.522.196-69,São Paulo,SP,Redes Sociais,2024-12-28
930,Gabriel Oliveira Soares,116.216.858-94,Porto Alegre,RS,Indicação,2024-01-03
931,Natan Santos Oliveira,526.997.821-48,Belo Horizonte,MG,Redes Sociais,2025-07-20
932,Camila Lima Costa,992.929.291-37,Brasília,DF,Loja Física,2023-06-10
933,Isabela Dias Souza,544.647.118-10,Campinas,SP,Indicação,2023-08-27
934,Felipe Rocha Lopes,571.808.514-94,São Paulo,SP,Indicação,2024-09-12
935,Camila Ribeiro Nascimento,789.806.791-60,Campinas,SP,Redes Sociais,2023-06-29
936,Eduarda Silva Alves,214.935.116-99,Belo Horizonte,MG,Loja Física,2023-02-24
937,Sofia Rocha Rodrigues,765.347.546-90,Curitiba,PR,Loja Física,2023-06-26
938,Rafael Rodrigues Lopes,532.122.219-31,Porto Alegre,RS,Loja Física,2025-06-30
939,Sofia Silva Almeida,699.348.306-47,Brasília,DF,Indicação,2023-04-15
940,Ana Souza Rocha,967.830.542-63,Salvador,BA,Indicação,2024-08-18
941,Sofia Martins Lopes,625.705.842-88,São Paulo,SP,Indicação,2024-04-19
942,Thiago Silva Carvalho,690.423.666-18,São Paulo,SP,Redes Sociais,2025-05-04
943,Diego Lopes Barbosa,761.455.559-99,Brasília,DF,Indicação,2023-02-12
944,João Andrade Alves,580.452.548-39,Belo Horizonte,MG,Loja Física,2024-11-25
945,Mateus Dias Almeida,234.400.840-59,Campinas,SP,Indicação,2025-01-07
946,Felipe Barbosa Alves,389.807.867-21,Brasília,DF,Indicação,2023-09-22
947,Gabriela Ferreira Barbosa,603.203.912-63,Belo Horizonte,MG,Indicação,2024-09-13
948,Gabriela Fernandes Santos,118.467.367-55,Curitiba,PR,Loja Física,2023-12-24
949,Bruno Oliveira Costa,540.216.732-39,Goiânia,GO,E-commerce,2024-04-03
950,Isabela Costa Ribeiro,887.147.888-81,Brasília,DF,Redes Sociais,2023-11-06
951,Camila Dias Souza,823.151.548-68,Goiânia,GO,E-commerce,2023-08-05
952,Camila Souza Fernandes,142.619.207-31,Campinas,SP,E-commerce,2024-02-25
953,Felipe Andrade Gomes,825.552.880-74,Salvador,BA,Indicação,2023-07-23
954,Rodrigo Ribeiro Costa,938.241.225-35,Belo Horizonte,MG,Indicação,2025-05-01
955,Henrique Lopes Costa,393.617.275-20,São Paulo,SP,Redes Sociais,2025-02-01
956,Mariana Rocha Dias,351.255.871-77,Recife,PE,Indicação,2024-04-12
957,Patricia Carvalho Carvalho,569.972.628-97,Belo Horizonte,MG,Redes Sociais,2023-03-02
958,Eduarda Silva Nascimento,925.629.171-20,Brasília,DF,Redes Sociais,2024-10-06
959,Felipe Carvalho Santos,502.877.137-94,Recife,PE,Loja Física,2023-04-29
960,João Carvalho Martins,797.817.666-48,Goiânia,GO,Redes Sociais,2024-12-05
961,Isabela Soares Barbosa,250.817.513-67,São Paulo,SP,Loja Física,2025-06-24
962,Rodrigo Martins Alves,408.186.137-78,Salvador,BA,Redes Sociais,2025-03-09
963,Thiago Fernandes Gomes,318.195.623-80,Belo Horizonte,MG,Redes Sociais,2025-12-03
964,Rodrigo Ferreira Silva,128.915.652-85,Salvador,BA,Redes Sociais,2024-05-09
965,Aline Carvalho Soares,213.849.161-57,Porto Alegre,RS,Redes Sociais,2025-11-05
966,Diego Santos Rocha,227.559.405-83,Salvador,BA,E-commerce,2025-07-17
967,Henrique Andrade Vieira,679.831.742-95,Salvador,BA,Loja Física,2024-12-18
968,João Dias Nascimento,686.788.243-58,Porto Alegre,RS,Loja Física,2023-08-04
969,Thiago Vieira Alves,942.897.469-68,Salvador,BA,E-commerce,2023-10-28
970,Patricia Oliveira Oliveira,163.535.233-70,Recife,PE,Loja Física,2025-07-02
971,Mariana Dias Soares,512.702.672-76,Rio de Janeiro,RJ,Indicação,2024-06-24
972,Sofia Rocha Carvalho,550.805.601-63,Campinas,SP,Loja Física,2023-10-23
973,Eduarda Lopes Nascimento,568.232.821-75,Goiânia,GO,E-commerce,2024-03-11
974,Sofia Santos Andrade,260.672.478-25,Brasília,DF,Indicação,2023-08-14
975,Mariana Vieira Gomes,141.635.256-25,Rio de Janeiro,RJ,Redes Sociais,2024-09-16
976,João Gomes Lopes,128.910.246-28,Salvador,BA,Indicação,2023-04-10
977,João Alves Ferreira,938.857.600-10,Porto Alegre,RS,E-commerce,2024-12-15
978,Bruno Carvalho Lopes,686.417.679-67,Rio de Janeiro,RJ,Redes Sociais,2025-02-11
979,Aline Barbosa Rodrigues,880.241.616-91,Brasília,DF,Indicação,2025-07-10
980,Eduarda Andrade Costa,191.919.739-95,Brasília,DF,Indicação,2025-03-04
981,Natan Costa Fernandes,146.786.553-45,Curitiba,PR,E-commerce,2023-12-06
982,Gabriel Rocha Nascimento,416.674.760-25,São Paulo,SP,E-commerce,2024-01-30
983,Vanessa Vieira Santos,683.634.293-70,Campinas,SP,E-commerce,2023-09-04
984,Felipe Silva Lima,905.310.351-84,Goiânia,GO,Indicação,2023-06-23
985,Camila Costa Martins,703.146.603-12,Goiânia,GO,Redes Sociais,2025-06-14
986,Patricia Silva Soares,424.491.363-21,Belo Horizonte,MG,E-commerce,2023-07-23
987,Felipe Gomes Rodrigues,287.361.886-21,Goiânia,GO,Loja Física,2024-09-20
988,Juliana Ferreira Santos,729.433.285-13,Recife,PE,E-commerce,2024-09-02
989,Diego Costa Rodrigues,522.431.364-58,Recife,PE,E-commerce,2023-04-17
990,Henrique Barbosa Vieira,342.604.620-74,Curitiba,PR,Indicação,2023-08-24
991,Bruno Costa Almeida,666.516.167-71,Porto Alegre,RS,E-commerce,2025-04-14
992,Ana Lima Fernandes,700.791.203-41,Curitiba,PR,Loja Física,2024-09-15
993,Patricia Almeida Oliveira,966.751.612-36,Campinas,SP,Loja Física,2025-02-03
994,Felipe Pereira Fernandes,533.668.562-15,Goiânia,GO,E-commerce,2025-08-09
995,João Rocha Ferreira,100.161.593-44,Campinas,SP,Redes Sociais,2025-02-17
996,Rodrigo Alves Vieira,960.622.388-15,Salvador,BA,Loja Física,2025-12-29
997,Carla Gomes Oliveira,504.815.225-27,Campinas,SP,Redes Sociais,2025-06-03
998,Camila Soares Costa,798.450.750-43,Curitiba,PR,Indicação,2024-07-13
999,Juliana Costa Costa,315.570.713-52,Curitiba,PR,E-commerce,2023-10-01
1000,Camila Lopes Silva,109.788.277-62,São Paulo,SP,Indicação,2025-03-15
